Name,Team,PA,AB,R,H,dbls,trps,HR,RBI,BB,SO,SB,CS,AVG,OBP,SLG,wOBA,wRAA,RAR,WAR,Fld,SOperc
Aaron Judge,NYY,459,394,91,118,17,0,43,93,57,116,11,0,0.299,0.387,0.67,0.439,47.2,65.0,6.8,3.6,29.4
Nolan Arenado,STL,417,371,51,110,25,1,21,64,39,53,2,3,0.296,0.367,0.539,0.386,25.2,52.7,5.5,12.1,14.3
Paul Goldschmidt,STL,438,381,74,127,30,0,26,82,52,93,5,0,0.333,0.415,0.617,0.439,44.8,51.3,5.4,-3.7,24.4
Yordan Alvarez,HOU,385,320,69,97,15,2,30,73,58,72,1,1,0.303,0.41,0.644,0.438,39.2,47.6,5.0,2.2,22.5
Freddie Freeman,LAD,479,416,74,134,36,2,15,69,52,71,9,1,0.322,0.399,0.526,0.394,32.0,47.5,5.0,2.1,17.1
Jose Ramirez,CLE,445,394,62,112,35,4,21,87,44,42,14,4,0.284,0.357,0.553,0.382,25.3,46.0,4.8,2.1,10.7
Manny Machado,SDP,423,376,68,110,23,1,19,60,44,86,7,1,0.293,0.366,0.511,0.373,21.2,46.3,4.8,6.4,22.9
Austin Riley,ATL,463,419,65,124,33,1,29,69,33,115,2,0,0.296,0.359,0.587,0.402,33.7,44.7,4.7,-4.6,27.4
Dansby Swanson,ATL,459,421,71,123,22,1,15,56,34,120,14,6,0.292,0.349,0.456,0.351,14.8,45.4,4.7,8.6,28.5
Mookie Betts,LAD,418,374,78,102,21,1,25,59,37,69,8,1,0.273,0.342,0.535,0.375,21.5,43.6,4.6,9.6,18.4
Francisco Lindor,NYM,473,415,68,111,17,3,19,77,45,94,10,3,0.267,0.345,0.46,0.348,14.1,43.8,4.6,5.0,22.7
Rafael Devers,BOS,401,368,63,116,30,1,23,59,27,75,2,1,0.315,0.372,0.59,0.406,30.7,43.3,4.5,-0.9,20.4
Trea Turner,LAD,473,435,65,133,27,2,18,77,28,88,18,2,0.306,0.346,0.501,0.363,19.7,40.2,4.2,-3.5,20.2
Xander Bogaerts,BOS,437,385,59,120,28,0,9,47,41,91,7,0,0.312,0.384,0.455,0.366,19.3,40.6,4.2,0.1,23.6
Mike Trout,LAA,326,282,55,76,17,2,24,51,39,97,1,0,0.27,0.368,0.599,0.405,24.7,36.9,3.9,1.4,34.4
Tommy Edman,STL,444,403,69,103,18,3,7,37,36,79,22,3,0.256,0.321,0.367,0.304,-2.5,35.3,3.7,11.0,19.6
Jose Altuve,HOU,400,352,61,100,23,0,19,38,40,59,9,1,0.284,0.368,0.511,0.38,22.0,34.1,3.6,-0.7,16.8
J.T. Realmuto,PHI,374,332,51,88,15,4,12,52,30,75,13,0,0.265,0.337,0.443,0.339,8.6,34.1,3.6,4.0,22.6
Andres Gimenez,CLE,349,310,42,93,17,2,12,50,19,73,11,2,0.3,0.365,0.484,0.368,16.1,33.2,3.5,2.4,23.5
DJ LeMahieu,NYY,427,362,68,103,16,0,11,42,60,51,4,3,0.285,0.391,0.42,0.361,17.4,33.8,3.5,5.8,14.1
Corey Seager,TEX,443,392,56,98,13,1,24,55,42,68,3,0,0.25,0.327,0.472,0.341,10.8,33.5,3.5,2.4,17.3
Brandon Nimmo,NYM,447,390,65,105,20,5,10,40,41,74,0,2,0.269,0.353,0.423,0.341,11.0,32.6,3.4,3.3,19.0
Jose Abreu,CHW,456,401,58,119,27,0,14,55,48,69,0,0,0.297,0.377,0.469,0.369,21.3,31.5,3.3,2.7,17.2
Byron Buxton,MIN,337,301,57,66,13,3,26,47,29,101,3,0,0.219,0.3,0.542,0.357,12.6,31.6,3.3,7.1,33.6
Will Smith,LAD,384,333,45,91,18,1,16,59,41,62,1,0,0.273,0.362,0.477,0.364,16.4,31.5,3.3,-1.4,18.6
Jake Cronenworth,SDP,475,403,68,96,23,3,11,56,52,95,1,0,0.238,0.341,0.392,0.325,5.6,31.3,3.3,2.7,23.6
Jeff McNeil,NYM,366,335,45,102,24,1,6,42,24,47,2,0,0.304,0.361,0.436,0.349,11.4,30.2,3.2,2.8,14.0
Jose Trevino,NYY,221,208,29,55,8,1,10,34,11,37,2,1,0.264,0.303,0.457,0.328,3.1,31.1,3.2,15.1,17.8
Pete Alonso,NYM,461,400,63,113,20,0,29,93,43,89,2,1,0.283,0.36,0.55,0.381,25.8,29.9,3.1,-3.4,22.2
Julio Rodriguez,SEA,401,365,55,99,19,2,18,57,28,109,21,6,0.271,0.334,0.482,0.351,12.9,29.5,3.1,-2.3,29.9
Sean Murphy,OAK,397,352,45,87,26,1,13,48,32,86,1,0,0.247,0.321,0.438,0.328,5.5,29.8,3.1,6.8,24.4
Vladimir Guerrero Jr.,TOR,458,407,63,118,22,0,23,68,43,79,4,1,0.29,0.362,0.514,0.375,23.6,29.2,3.0,2.7,19.4
Gavin Lux,LAD,355,313,54,94,17,6,4,33,39,61,6,2,0.3,0.375,0.431,0.353,12.1,29.1,3.0,0.9,19.5
Alejandro Kirk,TOR,356,308,48,92,14,0,12,40,41,35,0,0,0.299,0.385,0.461,0.37,16.8,27.8,2.9,5.2,11.4
Nico Hoerner,CHC,344,322,33,96,14,3,6,34,16,38,12,1,0.298,0.34,0.416,0.328,4.9,27.6,2.9,6.9,11.8
Juan Soto,- - -,453,356,65,89,18,2,21,46,94,62,6,2,0.25,0.411,0.489,0.392,29.4,26.4,2.8,-8.9,17.4
Willson Contreras,CHC,396,336,54,85,21,2,16,42,38,87,3,2,0.253,0.366,0.47,0.367,17.9,27.3,2.8,-2.3,25.9
Alex Bregman,HOU,442,373,57,93,26,0,13,56,58,57,0,1,0.249,0.355,0.424,0.342,11.3,26.4,2.8,-0.7,15.3
Bryce Harper,PHI,275,242,49,77,21,1,15,48,26,52,9,2,0.318,0.385,0.599,0.412,22.3,25.8,2.7,0.9,21.5
Jurickson Profar,SDP,444,384,62,97,25,2,12,47,54,67,5,1,0.253,0.348,0.422,0.339,10.1,26.3,2.7,3.8,17.4
Jeremy Pena,HOU,353,326,44,82,12,1,15,38,17,85,6,2,0.252,0.295,0.433,0.315,1.2,25.5,2.7,6.5,26.1
Jazz Chisholm Jr.,MIA,241,213,39,54,10,4,14,45,21,66,12,5,0.254,0.325,0.535,0.365,10.4,25.0,2.6,1.7,31.0
Ty France,SEA,401,356,40,109,19,0,14,56,25,58,0,0,0.306,0.378,0.478,0.371,19.5,25.2,2.6,-1.9,16.3
Brandon Drury,- - -,401,362,64,98,23,2,21,65,31,87,2,2,0.271,0.334,0.519,0.365,17.6,25.0,2.6,-0.4,24.0
Adley Rutschman,BAL,244,207,36,53,22,1,5,19,32,42,2,0,0.256,0.365,0.444,0.355,8.7,25.1,2.6,3.5,20.3
Matt Chapman,TOR,398,353,57,84,18,0,21,58,37,111,1,1,0.238,0.317,0.467,0.339,9.1,25.0,2.6,1.2,31.4
Kyle Tucker,HOU,403,353,44,85,16,0,19,67,47,65,16,2,0.241,0.328,0.448,0.337,8.4,25.0,2.6,4.5,18.4
Jonah Heim,TEX,310,280,44,71,16,0,13,38,28,63,2,0,0.254,0.319,0.45,0.334,5.7,24.5,2.6,3.3,22.5
Daulton Varsho,ARI,388,345,49,83,15,2,16,51,33,92,7,4,0.241,0.313,0.435,0.326,4.7,25.2,2.6,8.4,26.7
Josh Bell,- - -,453,387,57,116,24,3,14,58,53,64,0,1,0.3,0.386,0.486,0.375,23.4,24.3,2.5,1.1,16.5
Taylor Ward,LAA,354,307,50,84,12,2,14,38,42,85,3,3,0.274,0.364,0.463,0.361,14.3,23.7,2.5,0.4,27.7
Ian Happ,CHC,424,372,46,103,27,2,9,46,44,97,6,3,0.277,0.358,0.433,0.345,11.6,23.7,2.5,3.8,26.1
Willy Adames,MIL,375,340,55,75,17,0,21,62,31,101,3,2,0.221,0.285,0.456,0.319,2.5,24.2,2.5,7.1,29.7
Matt Carpenter,NYY,147,123,28,39,9,0,15,36,18,33,0,0,0.317,0.425,0.756,0.489,20.9,23.4,2.4,0.0,26.8
Michael Harris II,ATL,233,221,37,64,10,2,10,33,8,58,12,0,0.29,0.326,0.489,0.352,7.7,22.9,2.4,3.4,26.2
George Springer,TOR,386,338,59,85,14,2,18,49,36,72,10,1,0.251,0.331,0.464,0.344,10.2,23.1,2.4,-0.4,21.3
Eugenio Suarez,SEA,458,395,49,90,19,1,18,57,54,146,0,0,0.228,0.328,0.418,0.328,6.4,22.6,2.4,0.9,37.0
Ke'Bryan Hayes,PIT,415,373,41,92,18,3,5,33,38,87,12,3,0.247,0.32,0.351,0.3,-3.5,23.5,2.4,9.9,23.3
Anthony Rizzo,NYY,415,348,64,79,16,1,27,66,48,70,6,3,0.227,0.347,0.511,0.367,18.6,22.0,2.3,-1.8,20.1
Rhys Hoskins,PHI,449,393,59,99,20,2,23,52,51,113,1,0,0.252,0.341,0.489,0.359,17.2,22.0,2.3,-0.7,28.8
Starling Marte,NYM,398,369,63,109,19,4,11,49,20,77,13,6,0.295,0.347,0.458,0.351,12.8,22.0,2.3,-4.8,20.9
Luis Robert,CHW,332,313,49,94,13,0,12,54,15,64,11,2,0.3,0.337,0.457,0.344,9.0,21.8,2.3,-3.7,20.4
Adolis Garcia,TEX,438,405,58,100,21,4,18,70,26,124,15,3,0.247,0.295,0.452,0.32,3.3,21.8,2.3,1.6,30.6
Ha-seong Kim,SDP,377,333,41,82,16,3,6,37,36,69,7,2,0.246,0.326,0.366,0.308,-0.7,22.0,2.3,5.2,20.7
Luis Arraez,MIN,401,360,59,117,18,1,6,35,38,33,3,3,0.325,0.392,0.431,0.362,16.4,21.2,2.2,-3.5,9.2
Teoscar Hernandez,TOR,341,316,44,86,21,1,16,52,23,91,6,3,0.272,0.326,0.497,0.354,11.9,21.0,2.2,3.3,28.8
Yandy Diaz,TBR,392,329,47,92,21,0,5,33,57,42,1,3,0.28,0.393,0.389,0.352,13.0,21.3,2.2,-1.9,12.8
Travis d'Arnaud,ATL,292,272,40,70,17,0,11,40,13,58,0,0,0.257,0.308,0.441,0.326,3.7,20.8,2.2,5.5,21.3
Amed Rosario,CLE,440,416,59,120,19,6,7,44,20,66,10,3,0.288,0.323,0.413,0.321,3.5,21.1,2.2,-2.6,15.9
Tim Anderson,CHW,351,332,50,100,13,0,6,25,14,55,13,0,0.301,0.339,0.395,0.323,3.4,20.7,2.2,-2.2,16.6
Shohei Ohtani,LAA,452,392,60,99,17,3,24,65,53,105,11,7,0.253,0.345,0.495,0.355,16.1,20.4,2.1,,26.8
Matt Olson,ATL,478,419,53,105,36,0,21,70,54,118,0,0,0.251,0.339,0.487,0.354,16.6,19.7,2.1,-0.8,28.2
Steven Kwan,CLE,391,346,51,102,17,3,2,28,36,35,9,2,0.295,0.367,0.379,0.331,6.4,20.3,2.1,2.7,10.1
Ryan McMahon,COL,409,355,40,86,17,3,10,50,48,105,7,2,0.242,0.337,0.392,0.324,4.3,20.5,2.1,6.0,29.6
Cal Raleigh,SEA,265,237,26,48,12,1,15,38,24,80,1,0,0.203,0.275,0.451,0.312,0.3,19.8,2.1,4.6,33.8
Cedric Mullins II,BAL,461,415,58,109,25,1,9,46,33,79,24,6,0.263,0.322,0.393,0.313,1.0,20.4,2.1,0.7,19.0
Marcus Semien,TEX,476,430,59,102,18,3,15,52,36,74,19,3,0.237,0.296,0.398,0.302,-3.2,19.9,2.1,-2.0,17.2
Christian Yelich,MIL,449,383,70,102,18,4,8,35,59,107,16,1,0.266,0.368,0.397,0.339,10.1,19.6,2.0,-2.9,27.9
Jace Peterson,MIL,241,214,33,54,12,2,8,30,22,61,10,1,0.252,0.325,0.439,0.331,3.9,19.2,2.0,5.1,28.5
Andrew Benintendi,- - -,424,372,42,113,15,2,3,41,47,58,6,2,0.304,0.38,0.379,0.339,9.6,18.7,2.0,1.2,15.6
Bobby Witt Jr.,KCR,404,377,54,97,19,5,15,55,20,96,21,3,0.257,0.3,0.454,0.323,4.0,18.7,2.0,-5.4,25.5
Bo Bichette,TOR,468,439,59,115,26,0,15,59,27,117,7,7,0.262,0.303,0.424,0.316,2.0,19.4,2.0,0.1,26.7
Wilmer Flores,SFG,396,347,55,87,20,0,16,56,37,62,0,0,0.251,0.333,0.447,0.339,9.0,18.5,1.9,-1.0,17.9
Jorge Polanco,MIN,381,320,47,76,14,0,14,51,58,79,3,3,0.238,0.352,0.413,0.338,8.3,18.6,1.9,-4.3,24.7
Christian Walker,ARI,430,371,47,75,13,1,25,59,51,84,0,2,0.202,0.302,0.445,0.323,4.2,17.9,1.9,8.8,22.6
Jon Berti,MIA,222,192,32,52,10,2,2,19,27,47,28,3,0.271,0.365,0.375,0.331,3.7,18.5,1.9,0.6,24.5
Josh Rojas,ARI,307,269,40,72,14,1,6,31,31,60,13,0,0.268,0.342,0.394,0.324,3.3,18.4,1.9,-1.9,22.3
Max Kepler,MIN,341,291,41,70,13,1,9,39,41,50,2,2,0.241,0.34,0.385,0.323,3.3,17.9,1.9,7.1,17.2
Trevor Story,BOS,342,307,49,68,17,0,15,58,28,105,10,0,0.221,0.289,0.423,0.305,-1.6,18.3,1.9,5.6,34.2
Dylan Carlson,STL,351,316,38,76,23,3,7,33,26,65,4,1,0.241,0.308,0.399,0.309,-0.4,18.0,1.9,3.9,20.6
Jorge Mateo,BAL,353,325,43,70,15,5,10,33,18,104,26,4,0.215,0.266,0.385,0.283,-7.6,18.2,1.9,6.0,32.0
Ketel Marte,ARI,396,346,53,90,32,2,10,37,43,70,4,1,0.26,0.346,0.451,0.345,11.0,16.8,1.8,-4.6,20.2
J.P. Crawford,SEA,417,371,46,96,19,2,5,27,37,54,3,1,0.259,0.333,0.361,0.31,-0.2,17.4,1.8,-2.7,14.6
C.J. Cron,COL,451,413,59,114,24,2,22,72,27,120,0,0,0.276,0.327,0.504,0.354,15.8,16.5,1.7,0.7,29.1
Isaac Paredes,TBR,232,207,32,45,10,0,14,31,21,40,0,1,0.217,0.293,0.469,0.328,3.2,16.2,1.7,4.9,19.3
Thairo Estrada,SFG,342,313,49,82,16,1,9,41,18,54,15,2,0.262,0.316,0.406,0.316,1.5,16.5,1.7,-1.0,17.3
Santiago Espinal,TOR,389,357,40,94,21,0,7,41,27,61,5,2,0.263,0.314,0.381,0.305,-1.8,16.3,1.7,5.4,17.1
William Contreras,ATL,212,188,29,49,9,0,15,29,24,56,2,0,0.261,0.344,0.548,0.382,12.1,15.4,1.6,-3.3,29.8
Tyler Stephenson,CIN,183,166,24,53,9,0,6,35,12,47,1,0,0.319,0.372,0.482,0.37,8.7,15.4,1.6,-1.4,28.3
Harold Ramirez,TBR,264,240,31,79,16,0,4,35,16,36,3,4,0.329,0.379,0.446,0.359,10.3,14.9,1.6,0.9,15.0
Kyle Schwarber,PHI,455,392,68,79,13,0,34,67,58,141,5,1,0.202,0.308,0.495,0.343,11.8,15.7,1.6,-2.7,36.0
Victor Caratini,MIL,189,158,21,37,6,0,8,21,24,38,0,0,0.234,0.354,0.424,0.344,5.0,15.7,1.6,2.8,24.1
Austin Slater,SFG,236,202,37,54,9,2,5,24,29,63,8,0,0.267,0.369,0.406,0.345,6.4,14.9,1.6,-2.9,31.2
Carlos Correa,MIN,361,321,47,85,15,0,13,37,37,76,0,0,0.265,0.341,0.433,0.338,7.9,15.7,1.6,-3.0,23.7
Jose Iglesias,COL,367,343,40,107,26,0,3,40,16,47,2,3,0.312,0.354,0.414,0.338,8.0,15.5,1.6,0.0,13.7
Alek Thomas,ARI,279,256,34,66,13,1,8,29,19,53,4,2,0.258,0.315,0.41,0.318,1.6,15.3,1.6,2.4,20.7
Ramon Urias,BAL,290,267,35,66,14,0,11,37,17,66,1,0,0.247,0.295,0.423,0.31,0.0,15.2,1.6,3.4,24.7
Josh Naylor,CLE,301,274,32,75,17,0,14,53,21,48,3,0,0.274,0.326,0.489,0.348,9.1,14.8,1.5,3.7,17.5
Anthony Santander,BAL,421,372,49,96,17,0,19,59,35,77,0,2,0.258,0.337,0.457,0.345,11.7,14.0,1.5,-5.5,20.7
Ronald Acuna Jr.,ATL,333,287,44,77,13,0,9,28,34,78,23,7,0.268,0.36,0.408,0.34,7.8,14.3,1.5,-3.6,27.2
Gleyber Torres,NYY,378,347,47,87,20,1,16,47,25,80,5,3,0.251,0.305,0.452,0.326,4.8,14.3,1.5,-2.4,23.1
Mark Canha,NYM,347,300,45,79,10,0,7,35,33,66,2,1,0.263,0.36,0.367,0.329,5.0,14.3,1.5,-1.0,22.0
Chris Taylor,LAD,291,258,33,61,20,3,6,29,29,104,7,1,0.236,0.316,0.407,0.314,0.8,14.7,1.5,4.1,40.3
Elvis Andrus,OAK,363,333,39,80,23,0,7,28,29,56,6,3,0.24,0.303,0.372,0.299,-3.5,14.6,1.5,-1.6,16.8
Giancarlo Stanton,NYY,328,289,40,66,6,0,24,61,35,93,0,0,0.228,0.309,0.498,0.344,8.7,13.2,1.4,0.8,32.2
Bryan Reynolds,PIT,378,333,44,85,12,3,16,34,37,84,4,3,0.255,0.339,0.453,0.344,10.0,13.7,1.4,-7.7,25.2
Brandon Lowe,TBR,203,182,28,46,10,2,8,22,18,47,1,0,0.253,0.325,0.462,0.341,4.9,13.5,1.4,-1.3,25.8
Christopher Morel,CHC,282,251,41,65,13,4,9,29,26,82,9,6,0.259,0.331,0.45,0.339,6.4,13.0,1.4,-4.1,32.7
Brendan Donovan,STL,287,239,31,68,14,1,2,30,37,52,2,3,0.285,0.397,0.377,0.349,8.8,13.1,1.4,-2.2,21.8
David Peralta,- - -,335,303,29,76,21,2,12,43,27,79,1,2,0.251,0.313,0.452,0.326,4.2,13.4,1.4,3.2,26.1
Ji-Man Choi,TBR,311,264,28,67,16,0,8,46,44,86,0,0,0.254,0.357,0.405,0.334,5.9,13.6,1.4,1.5,32.6
Trey Mancini,- - -,416,369,42,98,16,1,13,48,35,91,0,0,0.266,0.341,0.42,0.333,7.6,13.2,1.4,1.9,24.7
Seth Brown,OAK,345,318,35,75,19,2,16,46,24,85,8,1,0.236,0.293,0.459,0.323,3.4,13.3,1.4,-0.8,26.7
Brendan Rodgers,COL,417,381,53,105,23,2,10,51,29,70,0,0,0.276,0.326,0.425,0.327,5.3,13.2,1.4,0.9,18.4
Alec Bohm,PHI,400,371,55,110,17,2,8,44,20,78,1,2,0.296,0.33,0.418,0.323,4.1,13.9,1.4,-3.1,21.0
Austin Hays,BAL,398,364,49,94,24,1,12,47,23,78,2,3,0.258,0.317,0.429,0.325,4.6,13.0,1.4,-1.0,21.4
Dylan Moore,SEA,185,147,25,29,6,2,5,16,26,56,11,5,0.197,0.35,0.367,0.324,2.0,13.5,1.4,3.4,38.1
Ramon Laureano,OAK,314,281,44,63,16,0,12,27,25,82,10,4,0.224,0.306,0.409,0.315,1.1,13.7,1.4,0.0,29.2
Omar Narvaez,MIL,216,190,17,45,10,1,4,18,22,43,0,0,0.237,0.324,0.363,0.305,-0.9,13.3,1.4,3.9,22.6
Harrison Bader,STL,264,246,35,63,7,3,5,21,13,47,15,2,0.256,0.303,0.37,0.296,-3.0,13.8,1.4,1.4,19.1
Myles Straw,CLE,418,371,54,81,18,2,0,21,42,62,13,1,0.218,0.297,0.278,0.263,-16.0,13.5,1.4,10.1,16.7
Hunter Renfroe,MIL,301,273,38,67,13,0,19,43,21,75,1,1,0.245,0.303,0.502,0.344,8.1,12.1,1.3,0.6,27.5
Manuel Margot,TBR,200,182,21,55,11,1,3,27,17,35,5,1,0.302,0.365,0.423,0.346,5.6,12.9,1.3,0.4,19.2
Michael Brantley,HOU,277,243,28,70,14,1,5,26,31,30,1,1,0.288,0.37,0.416,0.345,7.6,12.8,1.3,0.8,12.3
Leody Taveras,TEX,157,147,22,44,11,0,3,20,9,41,6,3,0.299,0.338,0.435,0.336,3.2,12.6,1.3,2.5,27.9
Kolten Wong,MIL,327,285,48,74,17,4,8,28,29,56,11,4,0.26,0.34,0.432,0.336,6.7,12.9,1.3,-7.2,19.6
Patrick Wisdom,CHC,411,357,53,79,22,0,20,52,46,137,6,3,0.221,0.317,0.451,0.333,7.5,12.8,1.3,-6.9,38.4
Chas McCormick,HOU,272,239,31,56,9,1,11,29,31,66,1,2,0.234,0.324,0.418,0.326,3.4,12.4,1.3,1.2,27.6
Justin Turner,LAD,355,311,42,80,22,0,8,54,35,59,1,0,0.257,0.332,0.405,0.322,3.3,12.7,1.3,1.4,19.0
Michael A. Taylor,KCR,290,259,31,71,6,2,6,28,27,70,1,1,0.274,0.343,0.382,0.321,2.5,12.3,1.3,-1.0,27.0
Luis Guillorme,NYM,268,237,29,67,11,1,2,13,29,36,1,0,0.283,0.361,0.363,0.324,2.8,12.7,1.3,2.3,15.2
Nicky Lopez,KCR,354,320,39,79,11,2,0,13,23,50,11,2,0.247,0.305,0.294,0.271,-11.3,12.1,1.3,5.2,15.6
Lourdes Gurriel Jr.,TOR,390,357,47,111,25,0,5,44,26,65,3,4,0.311,0.364,0.423,0.345,10.8,11.5,1.2,-2.2,18.2
Nick Fortes,MIA,107,96,22,25,4,1,4,15,7,20,4,1,0.26,0.336,0.448,0.344,2.8,11.1,1.2,1.3,20.8
Garrett Cooper,MIA,347,307,28,84,22,1,7,42,28,86,0,0,0.274,0.343,0.42,0.334,6.5,11.1,1.2,1.0,28.0
Jack Suwinski,PIT,250,222,33,44,9,0,14,25,24,76,2,2,0.198,0.288,0.428,0.312,0.2,11.2,1.2,5.3,34.2
Wander Franco,TBR,247,227,34,59,12,2,5,23,17,26,5,0,0.26,0.308,0.396,0.305,-1.1,11.2,1.2,-1.4,11.5
Mike Yastrzemski,SFG,356,307,44,68,20,1,9,38,41,80,3,1,0.221,0.317,0.381,0.309,-0.3,11.5,1.2,-1.2,26.1
Aaron Hicks,NYY,339,284,39,62,5,2,6,31,50,74,9,3,0.218,0.34,0.313,0.298,-3.4,11.7,1.2,2.5,26.1
Trent Grisham,SDP,401,344,44,67,14,2,13,41,44,99,4,0,0.195,0.292,0.36,0.291,-6.3,11.3,1.2,-2.5,28.8
Daniel Vogelbach,- - -,322,271,33,65,12,1,14,40,49,77,0,0,0.24,0.357,0.446,0.352,10.7,10.5,1.1,-0.5,28.4
Jose Miranda,MIN,252,235,28,65,14,0,11,46,12,48,1,1,0.277,0.325,0.477,0.348,7.5,10.7,1.1,-0.8,20.4
Christian Vazquez,- - -,326,302,33,84,20,0,8,42,18,53,1,2,0.278,0.322,0.424,0.325,3.7,10.6,1.1,-0.1,17.5
Trevor Larnach,MIN,180,160,22,37,13,0,5,18,18,57,0,0,0.231,0.306,0.406,0.309,-0.3,10.3,1.1,6.4,35.6
Ryan McKenna,BAL,117,105,19,27,7,0,2,9,7,41,2,0,0.257,0.313,0.381,0.302,-0.8,10.8,1.1,6.8,39.0
Ozzie Albies,ATL,263,242,34,59,15,0,8,33,15,46,3,5,0.244,0.289,0.405,0.301,-2.1,10.1,1.1,2.2,19.0
Josh Harrison,CHW,272,245,35,60,14,2,5,20,15,44,1,0,0.245,0.311,0.38,0.305,-1.1,10.8,1.1,2.9,18.0
Joey Wendle,MIA,216,199,15,52,13,0,2,22,10,24,7,1,0.261,0.306,0.357,0.292,-3.2,10.4,1.1,2.4,12.1
Max Stassi,LAA,262,230,25,49,9,1,7,24,30,75,0,0,0.213,0.305,0.352,0.294,-3.4,10.8,1.1,2.6,32.6
Cody Bellinger,LAD,394,361,51,74,19,3,13,44,28,110,11,2,0.205,0.264,0.382,0.281,-9.2,10.2,1.1,-0.2,30.5
Keibert Ruiz,WSN,338,310,24,76,18,0,4,25,22,37,5,1,0.245,0.303,0.342,0.287,-6.3,10.9,1.1,1.3,11.9
Jonathan Schoop,DET,405,383,37,79,16,1,8,31,15,87,5,0,0.206,0.242,0.316,0.244,-21.5,11.0,1.1,16.4,22.7
Meibrys Viloria,TEX,40,33,8,10,1,0,2,4,7,13,0,0,0.303,0.425,0.515,0.41,3.2,9.3,1.0,3.2,39.4
J.D. Martinez,BOS,402,360,53,101,34,0,9,42,33,97,0,0,0.281,0.346,0.45,0.345,11.1,9.6,1.0,,26.9
Randy Arozarena,TBR,427,391,44,101,23,2,12,49,28,108,21,9,0.258,0.319,0.419,0.321,3.7,9.2,1.0,0.9,27.6
Seby Zavala,CHW,118,107,13,30,8,0,2,17,6,36,0,0,0.28,0.319,0.411,0.317,0.6,9.6,1.0,3.7,33.6
Ryan Mountcastle,BAL,394,365,42,93,22,0,14,52,23,100,4,1,0.255,0.297,0.43,0.313,0.7,9.2,1.0,3.1,27.4
Josh Donaldson,NYY,354,312,35,69,21,0,10,40,34,96,2,1,0.221,0.302,0.385,0.302,-2.3,10.1,1.0,5.5,30.8
Ryan Jeffers,MIN,214,192,23,41,10,0,7,25,21,58,0,0,0.214,0.291,0.375,0.295,-2.7,9.6,1.0,2.7,30.2
Eduardo Escobar,NYM,395,363,41,80,21,3,12,43,26,99,0,2,0.22,0.271,0.394,0.288,-7.2,10.0,1.0,-2.4,27.3
Kevin Kiermaier,TBR,221,206,28,47,8,0,7,22,14,61,6,1,0.228,0.281,0.369,0.286,-4.3,9.6,1.0,1.3,29.6
Javier Baez,DET,385,360,39,81,22,2,10,43,18,91,4,1,0.225,0.268,0.381,0.282,-8.9,9.4,1.0,0.8,25.3
Brandon Marsh,- - -,329,298,35,67,9,2,8,37,22,118,8,2,0.225,0.282,0.349,0.277,-8.7,9.5,1.0,7.7,39.6
Miguel Rojas,MIA,355,327,27,77,14,1,6,28,20,41,8,1,0.235,0.285,0.339,0.275,-10.0,9.7,1.0,4.6,12.5
Sam Haggerty,SEA,87,82,16,25,6,1,3,9,3,24,5,0,0.305,0.345,0.512,0.369,4.1,9.0,0.9,1.8,29.3
Keston Hiura,MIL,147,125,21,30,2,0,9,19,16,64,4,1,0.24,0.354,0.472,0.362,6.1,8.2,0.9,-0.9,51.2
Evan Longoria,SFG,169,148,21,36,5,0,9,19,19,43,0,0,0.243,0.331,0.459,0.342,4.3,8.4,0.9,-0.4,29.1
Danny Mendick,CHW,106,97,22,28,4,1,3,15,7,23,1,0,0.289,0.343,0.443,0.343,2.8,8.2,0.9,-0.3,23.7
Nick Gordon,MIN,254,232,29,66,15,3,5,20,13,64,5,3,0.284,0.333,0.44,0.336,5.1,8.5,0.9,-4.7,27.6
Trayce Thompson,- - -,125,108,16,26,6,1,4,19,16,43,2,1,0.241,0.344,0.426,0.339,2.9,8.7,0.9,0.8,39.8
Nolan Gorman,STL,224,202,33,48,7,0,12,26,20,71,1,0,0.238,0.313,0.45,0.332,3.9,8.9,0.9,-3.4,35.1
Oscar Gonzalez,CLE,146,139,13,40,13,0,3,16,5,31,0,0,0.288,0.315,0.446,0.329,2.1,9.0,0.9,2.8,22.3
Jorge Alfaro,SDP,234,220,24,59,13,0,7,36,10,82,1,0,0.268,0.299,0.423,0.312,0.2,8.9,0.9,-2.9,37.3
Luis Rengifo,LAA,282,265,22,72,15,3,5,23,13,47,5,1,0.272,0.313,0.408,0.315,1.0,8.2,0.9,-5.7,17.7
Anthony Rendon,LAA,188,162,15,37,10,0,5,24,23,32,2,0,0.228,0.324,0.383,0.314,0.5,8.4,0.9,1.3,19.8
Joey Bart,SFG,182,161,23,34,3,0,9,17,18,72,2,1,0.211,0.302,0.398,0.31,-0.1,8.5,0.9,-0.1,44.7
Cavan Biggio,TOR,190,160,26,35,13,1,2,14,26,52,2,0,0.219,0.339,0.35,0.312,0.3,8.5,0.9,3.3,32.5
Adam Frazier,SEA,433,391,45,96,15,1,3,28,34,52,7,4,0.246,0.307,0.312,0.277,-11.5,9.0,0.9,3.6,13.3
Eli White,TEX,117,105,16,21,2,0,3,10,11,41,12,1,0.2,0.274,0.305,0.26,-4.7,8.7,0.9,5.7,39.0
Joc Pederson,SFG,288,254,37,62,12,0,17,44,27,63,3,2,0.244,0.323,0.492,0.347,8.3,7.8,0.8,-7.0,24.8
Tyler Naquin,- - -,227,210,34,54,13,3,9,37,13,55,4,2,0.257,0.31,0.476,0.335,4.5,7.3,0.8,-1.9,26.2
Brian Anderson,MIA,205,180,26,46,11,1,3,12,22,58,1,0,0.256,0.346,0.378,0.322,1.9,7.3,0.8,-2.9,32.2
Jean Segura,PHI,189,177,23,49,4,0,6,19,10,28,9,1,0.277,0.323,0.401,0.317,1.0,7.3,0.8,-1.7,15.8
Tyrone Taylor,MIL,278,256,29,58,13,2,12,39,16,64,1,1,0.227,0.281,0.434,0.308,-0.5,7.9,0.8,-0.2,25.0
Ben Gamel,PIT,266,231,30,56,14,2,4,24,32,67,4,1,0.242,0.338,0.372,0.316,1.2,8.1,0.8,-0.4,29.0
Alex Verdugo,BOS,424,395,42,107,24,0,7,53,23,48,1,1,0.271,0.311,0.385,0.303,-2.6,7.9,0.8,4.1,12.2
Adam Duvall,ATL,315,287,39,61,16,1,12,36,21,101,0,2,0.213,0.276,0.401,0.295,-3.9,7.6,0.8,0.6,35.2
Christian Bethancourt,- - -,219,205,26,49,12,0,5,21,11,50,4,1,0.239,0.284,0.371,0.288,-3.9,7.4,0.8,5.1,24.4
Whit Merrifield,- - -,433,396,53,97,23,1,6,43,30,67,16,3,0.245,0.293,0.354,0.284,-9.2,7.3,0.8,1.5,16.9
Isiah Kiner-Falefa,NYY,361,332,47,91,16,0,0,32,20,48,15,4,0.274,0.319,0.322,0.284,-7.6,7.5,0.8,-2.7,14.5
Brandon Crawford,SFG,284,251,29,54,11,2,5,34,23,58,1,1,0.215,0.299,0.335,0.282,-6.5,7.4,0.8,0.0,23.1
Kyle Higashioka,NYY,166,150,19,30,5,0,6,18,10,38,0,1,0.2,0.25,0.353,0.263,-6.3,7.7,0.8,4.1,25.3
Rowdy Tellez,MIL,401,356,43,86,20,0,22,70,39,77,1,0,0.242,0.324,0.483,0.341,9.9,7.0,0.7,-3.2,21.6
Nathaniel Lowe,TEX,413,385,47,108,18,2,15,45,28,99,1,2,0.281,0.329,0.455,0.34,9.7,7.0,0.7,-7.9,25.7
Taylor Trammell,SEA,94,81,14,19,9,0,3,9,11,24,2,1,0.235,0.323,0.457,0.337,2.0,6.3,0.7,2.0,29.6
Luis Gonzalez,SFG,261,230,25,64,15,1,4,30,24,49,9,2,0.278,0.349,0.404,0.33,4.0,7.0,0.7,-4.0,21.3
Seiya Suzuki,CHC,267,238,29,59,15,1,8,31,26,73,6,2,0.248,0.322,0.42,0.322,2.4,6.3,0.7,-1.2,30.7
Aledmys Diaz,HOU,250,231,29,59,12,0,9,27,17,42,1,1,0.255,0.312,0.424,0.322,2.3,7.0,0.7,0.3,18.2
Luis Urias,MIL,320,277,37,63,10,0,12,38,34,71,1,2,0.227,0.319,0.394,0.315,1.1,6.5,0.7,-6.1,25.6
Lars Nootbaar,STL,145,124,20,28,5,0,5,19,18,36,1,0,0.226,0.317,0.387,0.31,-0.1,6.9,0.7,2.9,29.0
Kyle Farmer,CIN,361,318,39,79,20,0,6,51,24,58,4,3,0.248,0.325,0.368,0.309,-0.5,7.0,0.7,-2.5,18.2
Luke Williams,- - -,88,80,16,21,4,0,1,6,8,23,9,2,0.263,0.33,0.35,0.3,-0.7,6.9,0.7,2.8,28.7
Gary Sanchez,MIN,310,282,28,59,19,0,10,40,22,87,2,0,0.209,0.274,0.383,0.288,-5.6,6.5,0.7,2.4,30.9
Max Muncy,LAD,355,289,44,49,11,1,11,37,60,90,2,0,0.17,0.313,0.329,0.292,-5.3,7.1,0.7,-1.3,31.1
Austin Barnes,LAD,139,117,20,20,4,0,4,15,18,23,2,1,0.171,0.295,0.308,0.277,-3.7,6.3,0.7,4.1,19.7
Jose Siri,- - -,162,150,19,26,5,2,3,10,9,57,7,1,0.173,0.228,0.293,0.231,-10.2,7.0,0.7,7.6,38.0
Rob Refsnyder,BOS,109,94,16,29,6,0,4,12,10,23,0,1,0.309,0.385,0.5,0.382,6.3,6.1,0.6,-1.9,24.5
Mike Brosseau,MIL,117,104,10,29,4,0,5,17,10,29,1,0,0.279,0.359,0.462,0.36,4.6,5.9,0.6,-3.0,27.9
Andrew Vaughn,CHW,359,327,42,96,20,1,10,50,21,57,0,0,0.294,0.345,0.453,0.347,10.4,6.1,0.6,-9.8,17.4
Charlie Blackmon,COL,431,393,53,104,17,4,16,60,25,76,3,1,0.265,0.316,0.45,0.33,6.7,5.7,0.6,-2.2,19.3
Gio Urshela,MIN,336,308,37,81,17,1,10,45,22,54,0,0,0.263,0.307,0.422,0.315,1.1,6.0,0.6,-3.1,17.5
Jake McCarthy,ARI,152,140,25,36,9,1,3,12,10,39,5,1,0.257,0.311,0.4,0.312,0.2,5.4,0.6,-0.3,27.9
Jesse Winker,SEA,411,345,35,79,14,0,10,38,63,73,0,0,0.229,0.348,0.357,0.318,2.5,6.0,0.6,-4.5,21.2
Roberto Perez,PIT,69,60,8,14,2,0,2,8,9,25,0,0,0.233,0.333,0.367,0.314,0.2,5.5,0.6,1.8,41.7
Jorge Soler,MIA,306,270,32,56,13,0,13,34,31,90,0,2,0.207,0.295,0.4,0.305,-1.4,5.6,0.6,0.3,33.3
Carson Kelly,ARI,184,169,24,39,10,0,6,19,10,38,0,0,0.231,0.283,0.396,0.296,-2.2,5.6,0.6,-0.2,22.5
Matt Reynolds,- - -,206,185,29,47,7,1,3,18,19,57,4,0,0.254,0.325,0.351,0.302,-1.3,5.3,0.6,-0.3,30.8
Owen Miller,CLE,354,315,42,76,22,1,5,42,24,73,1,0,0.241,0.299,0.365,0.29,-5.9,5.9,0.6,3.7,23.2
Jesus Sanchez,MIA,325,297,36,61,12,3,12,33,24,86,1,0,0.205,0.271,0.387,0.288,-5.9,5.5,0.6,-0.1,29.0
Odubel Herrera,PHI,197,185,23,44,9,1,5,21,11,42,6,0,0.238,0.279,0.378,0.287,-3.7,5.7,0.6,2.2,22.7
Jonathan Davis,MIL,78,64,9,16,1,0,0,3,13,20,7,1,0.25,0.377,0.266,0.305,-0.3,6.2,0.6,2.0,31.2
Tom Murphy,SEA,42,33,9,10,2,0,1,1,8,13,0,0,0.303,0.439,0.455,0.397,2.9,4.8,0.5,0.0,39.4
P.J. Higgins,CHC,106,94,15,27,6,1,5,17,10,22,0,0,0.287,0.362,0.532,0.384,6.3,5.3,0.5,-4.1,23.4
Jason Vosler,SFG,74,66,10,19,4,0,4,10,7,19,1,1,0.288,0.351,0.53,0.372,3.6,5.2,0.5,-0.9,28.8
Royce Lewis,MIN,41,40,5,12,4,0,2,5,1,5,0,0,0.3,0.317,0.55,0.37,1.9,4.4,0.5,0.4,12.5
Garrett Stubbs,PHI,77,69,12,19,3,1,4,11,7,17,2,0,0.275,0.342,0.522,0.371,3.7,5.3,0.5,-3.5,24.6
Darick Hall,PHI,104,99,15,27,8,1,6,13,4,30,0,0,0.273,0.308,0.556,0.367,4.7,5.1,0.5,0.3,30.3
Kris Bryant,COL,181,160,28,49,12,0,5,14,17,27,0,0,0.306,0.376,0.475,0.37,8.5,5.2,0.5,-3.0,16.9
Kyle Garlick,MIN,116,105,18,27,3,0,8,17,8,29,0,0,0.257,0.319,0.514,0.357,4.3,5.3,0.5,-2.1,27.6
Donovan Solano,CIN,129,117,12,35,8,0,3,14,7,27,0,0,0.299,0.357,0.444,0.35,4.1,4.5,0.5,-0.7,23.1
Danny Jansen,TOR,115,104,14,22,1,0,9,23,7,19,0,0,0.212,0.27,0.481,0.319,0.8,4.5,0.5,-1.3,18.3
Luke Voit,- - -,356,308,40,71,18,0,14,50,40,113,1,1,0.231,0.323,0.425,0.326,4.5,5.2,0.5,-0.5,36.7
Brandon Belt,SFG,253,216,24,52,8,1,8,22,32,70,1,0,0.241,0.348,0.398,0.331,4.1,5.2,0.5,-2.3,32.4
Kevin Newman,PIT,146,137,12,38,12,2,0,14,8,25,4,2,0.277,0.322,0.394,0.314,0.4,5.3,0.5,-0.7,18.2
Eric Haase,DET,217,200,26,48,8,1,8,26,15,59,0,0,0.24,0.29,0.41,0.304,-1.1,5.1,0.5,-2.1,29.5
Rafael Ortega,CHC,298,255,26,61,13,1,5,24,34,58,8,7,0.239,0.328,0.357,0.305,-1.3,4.5,0.5,3.7,22.7
Tommy Pham,- - -,408,360,60,84,13,1,11,39,43,109,7,2,0.233,0.314,0.367,0.302,-2.7,5.1,0.5,-0.9,30.3
Carlos Santana,- - -,340,284,30,57,13,0,10,37,52,47,0,0,0.201,0.326,0.352,0.305,-1.5,4.8,0.5,1.8,16.5
Tucupita Marcano,PIT,95,86,11,21,3,1,2,7,6,22,1,0,0.244,0.293,0.372,0.292,-1.4,5.1,0.5,3.1,25.6
Jake Marisnick,PIT,82,77,9,18,6,0,2,6,4,24,2,1,0.234,0.272,0.39,0.283,-1.8,4.4,0.5,4.3,31.2
Marwin Gonzalez,NYY,130,117,12,26,7,0,3,10,9,35,2,0,0.222,0.287,0.359,0.285,-2.6,4.9,0.5,2.7,29.9
Victor Robles,WSN,289,258,36,61,9,1,4,27,13,71,13,1,0.236,0.295,0.326,0.278,-7.4,5.0,0.5,0.0,27.5
Mauricio Dubon,- - -,173,157,22,34,6,0,4,19,11,14,1,3,0.217,0.263,0.331,0.261,-6.8,5.1,0.5,5.8,8.9
Reese McGuire,- - -,174,158,13,37,9,0,0,11,7,33,0,0,0.234,0.272,0.291,0.251,-8.3,5.2,0.5,4.8,20.9
James Outman,LAD,16,13,6,6,2,0,1,3,2,7,0,0,0.462,0.563,0.846,0.584,3.5,4.0,0.4,0.2,53.8
Charles Leblanc,MIA,24,23,3,9,3,0,1,1,1,7,0,2,0.391,0.417,0.652,0.456,2.8,3.5,0.4,0.5,30.4
Ildemaro Vargas,- - -,37,32,5,9,1,1,1,5,4,2,0,0,0.281,0.351,0.469,0.351,1.2,4.0,0.4,0.9,6.2
Edward Olivares,KCR,109,99,15,30,4,0,3,12,7,24,2,3,0.303,0.358,0.434,0.347,3.2,3.4,0.4,-2.2,24.2
Eloy Jimenez,CHW,123,114,12,32,3,0,6,21,6,31,0,0,0.281,0.317,0.465,0.336,2.5,4.1,0.4,-1.1,27.2
Nelson Velazquez,CHC,94,85,14,19,3,1,5,16,9,28,2,1,0.224,0.298,0.459,0.327,1.3,3.7,0.4,0.4,32.9
Eric Hosmer,- - -,378,342,34,92,17,0,8,41,35,55,0,0,0.269,0.336,0.389,0.316,1.7,3.9,0.4,-0.1,16.1
Orlando Arcia,ATL,191,169,19,41,6,0,7,25,18,42,0,0,0.243,0.319,0.402,0.317,1.1,3.8,0.4,-1.6,24.9
Yonathan Daza,COL,297,272,38,82,14,1,1,24,17,38,0,3,0.301,0.347,0.371,0.317,1.6,3.6,0.4,-2.0,14.0
Jonathan India,CIN,233,214,26,53,11,0,7,24,11,56,2,4,0.248,0.309,0.397,0.312,0.2,3.6,0.4,-1.5,26.2
Nick Ahmed,ARI,54,52,7,12,2,0,3,7,2,15,0,1,0.231,0.259,0.442,0.302,-0.4,3.5,0.4,1.6,28.8
Gilberto Celestino,MIN,180,164,17,44,7,1,0,9,12,38,0,1,0.268,0.326,0.323,0.292,-2.7,4.2,0.4,2.9,23.2
Willi Castro,DET,267,249,34,61,12,2,4,18,10,51,6,3,0.245,0.285,0.357,0.281,-6.2,4.2,0.4,2.3,20.5
Luke Maile,CLE,124,106,13,23,9,0,0,9,15,34,0,0,0.217,0.315,0.302,0.281,-3.0,3.5,0.4,0.2,32.1
Johan Camargo,PHI,166,152,8,36,3,0,3,15,13,37,0,0,0.237,0.297,0.316,0.276,-4.6,3.8,0.4,1.9,24.3
Yoan Moncada,CHW,247,228,22,46,10,1,5,29,17,69,0,0,0.202,0.263,0.32,0.258,-10.3,3.5,0.4,3.5,30.3
Jake Cave,MIN,20,19,2,6,1,1,1,2,1,2,0,0,0.316,0.35,0.632,0.413,1.6,2.4,0.3,0.4,10.5
Jake Burger,CHW,183,168,20,42,9,1,8,26,10,56,0,0,0.25,0.302,0.458,0.326,2.3,2.9,0.3,-4.3,33.3
Nolan Jones,CLE,75,67,10,17,5,0,2,13,8,24,0,0,0.254,0.333,0.418,0.326,0.9,2.7,0.3,0.9,35.8
MJ Melendez,KCR,311,273,31,63,14,2,12,32,36,82,0,1,0.231,0.318,0.429,0.325,3.6,3.2,0.3,-10.3,30.0
Jason Delay,PIT,56,52,5,15,3,0,1,4,2,15,0,1,0.288,0.339,0.404,0.328,0.8,3.0,0.3,-0.3,28.8
Andrew McCutchen,MIL,404,360,47,91,19,0,11,48,37,74,8,5,0.253,0.324,0.397,0.317,2.3,2.9,0.3,-1.8,20.6
Connor Joe,COL,413,356,50,88,19,4,5,24,50,85,6,2,0.247,0.349,0.365,0.321,3.4,3.3,0.3,-0.5,23.9
Darin Ruf,- - -,323,277,47,61,10,0,11,41,40,87,2,0,0.22,0.328,0.375,0.315,1.3,2.6,0.3,-4.7,31.4
Mitch Garver,TEX,215,188,23,39,7,0,10,24,23,53,1,1,0.207,0.298,0.404,0.308,-0.4,3.1,0.3,-1.4,28.2
Oneil Cruz,PIT,154,145,21,31,5,1,9,29,8,56,5,4,0.214,0.253,0.448,0.297,-1.6,2.5,0.3,-1.8,38.6
Curt Casali,SFG,126,108,13,25,3,0,4,14,15,36,0,0,0.231,0.325,0.37,0.31,-0.1,2.9,0.3,-3.7,33.3
Elehuris Montero,COL,53,51,5,13,5,0,1,3,1,21,0,0,0.255,0.283,0.412,0.301,-0.4,2.8,0.3,2.9,41.2
Nomar Mazara,SDP,167,155,16,42,8,0,2,18,10,38,0,0,0.271,0.323,0.361,0.304,-0.8,2.8,0.3,-1.9,24.5
Francisco Mejia,TBR,190,185,24,47,12,0,6,23,4,48,0,0,0.254,0.268,0.416,0.294,-2.5,2.8,0.3,-5.0,25.9
Brian Serven,COL,123,113,14,27,2,1,4,10,9,27,0,0,0.239,0.301,0.381,0.301,-1.0,3.3,0.3,1.0,23.9
Jordan Luplow,ARI,178,157,24,27,5,0,11,26,17,50,4,1,0.172,0.264,0.414,0.293,-2.4,2.8,0.3,1.2,31.8
Tyler O'Neill,STL,240,212,31,49,7,1,6,37,21,68,8,4,0.231,0.3,0.358,0.29,-3.9,3.3,0.3,1.6,32.1
Adam Engel,CHW,201,188,27,46,12,1,2,14,11,56,10,2,0.245,0.294,0.351,0.283,-4.4,3.1,0.3,0.0,29.8
Josh Lowe,TBR,198,181,24,40,12,2,2,13,15,66,3,0,0.221,0.284,0.343,0.276,-5.5,2.6,0.3,0.4,36.5
Joey Gallo,- - -,280,240,32,39,4,1,12,24,40,110,2,0,0.163,0.282,0.338,0.28,-6.8,3.1,0.3,2.1,45.8
Jake Meyers,HOU,118,110,9,25,6,2,1,13,5,40,0,1,0.227,0.271,0.345,0.27,-3.8,2.5,0.3,1.6,36.4
Josh Smith,TEX,154,129,15,29,4,0,1,11,18,29,2,2,0.225,0.333,0.279,0.285,-3.1,2.7,0.3,0.2,22.5
Tony Kemp,OAK,362,322,34,69,17,0,4,21,28,53,6,1,0.214,0.287,0.304,0.267,-12.6,2.4,0.3,0.6,16.5
Roman Quinn,- - -,70,62,12,13,3,1,0,6,7,26,4,2,0.21,0.3,0.29,0.27,-2.3,3.0,0.3,2.2,41.9
Brett Phillips,- - -,216,192,21,29,6,0,5,15,16,90,7,0,0.151,0.226,0.26,0.222,-15.3,2.5,0.3,6.4,46.9
Nick Maton,PHI,7,6,2,3,0,1,1,4,1,1,0,0,0.5,0.571,1.333,0.748,2.4,2.1,0.2,-0.6,16.7
Joe Dunand,MIA,11,10,2,3,1,0,1,1,0,3,0,0,0.3,0.364,0.7,0.448,1.2,2.2,0.2,0.4,30.0
Terrin Vavra,BAL,23,18,4,7,1,0,0,2,5,2,0,1,0.389,0.522,0.444,0.435,2.3,1.7,0.2,0.1,11.1
Jaylin Davis,BOS,23,20,3,7,1,0,0,2,3,10,0,0,0.35,0.435,0.4,0.375,1.2,2.0,0.2,0.1,50.0
Monte Harrison,LAA,14,11,5,2,0,0,1,3,2,8,1,0,0.182,0.357,0.455,0.361,0.6,1.6,0.2,0.2,72.7
Juan Yepez,STL,228,209,24,53,10,0,11,27,14,53,0,0,0.254,0.298,0.459,0.324,2.5,1.8,0.2,-5.2,25.4
Sandy Leon,- - -,31,22,1,5,2,0,0,3,8,5,0,0,0.227,0.433,0.318,0.356,1.3,1.8,0.2,-1.0,22.7
Tyler Freeman,CLE,11,8,1,2,0,0,0,0,2,0,0,0,0.25,0.455,0.25,0.352,0.4,1.7,0.2,0.9,0.0
David Fletcher,LAA,64,59,6,13,4,1,2,8,3,3,0,0,0.22,0.27,0.424,0.299,-0.6,2.2,0.2,0.2,5.1
Lane Thomas,WSN,323,296,37,71,16,1,10,36,21,77,3,0,0.24,0.291,0.402,0.301,-2.4,1.5,0.2,-3.9,26.0
Chad Pinder,OAK,271,259,26,63,15,0,9,33,9,89,2,0,0.243,0.267,0.405,0.29,-4.5,1.5,0.2,0.0,34.4
Ezequiel Duran,TEX,123,116,16,27,6,1,3,16,7,31,3,1,0.233,0.276,0.379,0.286,-2.4,2.1,0.2,-1.1,26.7
Luis Barrera,OAK,85,77,3,18,5,0,1,7,6,17,3,0,0.234,0.294,0.338,0.28,-2.0,1.8,0.2,2.4,22.1
Skye Bolt,OAK,79,75,7,16,0,0,4,9,3,23,3,0,0.213,0.253,0.373,0.274,-2.3,2.0,0.2,0.2,30.7
David Villar,SFG,80,63,8,11,2,1,1,7,13,28,0,0,0.175,0.338,0.286,0.294,-1.1,2.2,0.2,-0.1,44.4
Martin Maldonado,HOU,276,250,29,46,11,0,11,34,17,86,0,0,0.184,0.245,0.36,0.265,-10.0,1.9,0.2,-1.3,34.4
Nate Eaton,KCR,23,18,1,3,0,0,1,3,2,7,0,0,0.167,0.261,0.333,0.258,-1.0,1.5,0.2,1.7,38.9
Gabriel Moreno,TOR,60,58,3,16,1,0,0,4,2,7,0,0,0.276,0.3,0.293,0.265,-2.2,2.1,0.2,1.9,12.1
Derek Hill,DET,92,83,8,19,2,0,1,3,5,28,3,0,0.229,0.27,0.289,0.249,-4.5,2.0,0.2,2.3,33.7
Edmundo Sosa,- - -,136,125,18,24,5,3,0,9,4,38,3,1,0.192,0.257,0.28,0.243,-7.3,2.3,0.2,2.4,30.4
James McCann,NYM,99,88,9,16,3,0,2,12,5,20,1,0,0.182,0.253,0.284,0.242,-5.4,1.7,0.2,1.2,22.7
Tomas Nido,NYM,225,200,19,44,9,0,0,19,13,57,0,0,0.22,0.27,0.265,0.242,-12.3,2.3,0.2,4.8,28.5
Austin Hedges,CLE,221,193,19,34,1,0,6,20,17,53,1,0,0.176,0.256,0.275,0.242,-12.0,2.0,0.2,3.6,27.5
Aristides Aquino,CIN,105,101,11,18,4,0,3,9,4,46,2,1,0.178,0.21,0.307,0.226,-7.1,1.9,0.2,6.6,45.5
Tyler Heineman,- - -,122,113,13,24,5,0,0,7,5,15,1,0,0.212,0.258,0.257,0.233,-7.5,2.0,0.2,3.1,13.3
Jose Barrero,CIN,10,10,2,2,0,0,2,3,0,4,0,0,0.2,0.2,0.8,0.413,0.8,1.4,0.1,0.2,40.0
Liover Peguero,PIT,4,3,0,1,0,0,0,0,1,2,0,0,0.333,0.5,0.333,0.393,0.3,0.6,0.1,0.2,66.7
Edwin Rios,LAD,92,86,12,21,1,0,7,17,5,36,0,1,0.244,0.293,0.5,0.337,2.0,0.9,0.1,-1.4,41.9
Dustin Garneau,DET,11,10,1,3,1,0,0,1,1,4,0,0,0.3,0.364,0.4,0.338,0.2,0.7,0.1,-0.2,40.0
Jake Lamb,- - -,82,71,11,17,5,1,2,4,9,25,0,1,0.239,0.341,0.423,0.337,1.7,0.7,0.1,-0.6,35.2
Mitch Haniger,SEA,40,38,3,8,2,0,3,7,2,10,0,0,0.211,0.25,0.5,0.319,0.3,0.5,0.1,-0.2,26.3
Tim Locastro,NYY,30,27,10,6,0,0,2,4,2,6,6,1,0.222,0.3,0.444,0.326,0.4,0.8,0.1,-1.6,22.2
Harold Castro,DET,270,254,26,73,15,2,4,24,11,50,0,1,0.287,0.317,0.409,0.316,1.1,0.7,0.1,-6.6,19.7
Yairo Munoz,PHI,53,50,6,11,2,0,3,7,3,10,1,0,0.22,0.264,0.44,0.304,-0.3,1.2,0.1,-0.7,20.0
David Bote,CHC,59,54,9,14,3,0,1,3,3,25,1,0,0.259,0.322,0.37,0.308,-0.1,1.2,0.1,-0.8,46.3
Gosuke Katoh,TOR,11,7,2,1,1,0,0,0,3,1,0,0,0.143,0.4,0.286,0.333,0.2,1.0,0.1,0.6,14.3
Emmanuel Rivera,- - -,217,203,26,48,9,3,6,22,12,48,0,0,0.236,0.286,0.399,0.298,-2.1,1.3,0.1,-3.2,23.6
Pedro Severino,MIL,21,18,0,4,2,0,0,1,3,7,0,0,0.222,0.333,0.333,0.303,-0.1,0.7,0.1,0.1,38.9
Daz Cameron,DET,69,63,6,14,3,1,1,8,5,19,2,0,0.222,0.29,0.349,0.284,-1.5,1.0,0.1,-0.4,30.2
Jeimer Candelario,DET,325,300,35,63,11,2,10,33,19,77,0,1,0.21,0.271,0.36,0.278,-8.3,1.3,0.1,-1.3,25.7
Sam Huff,TEX,82,77,5,20,2,0,1,5,5,27,1,0,0.26,0.305,0.325,0.276,-2.2,0.6,0.1,-0.8,35.1
Buddy Kennedy,ARI,90,80,9,18,2,2,1,12,7,21,0,0,0.225,0.289,0.338,0.276,-2.5,0.7,0.1,0.1,26.2
Jerar Encarnacion,MIA,8,8,2,1,0,0,1,4,0,1,1,0,0.125,0.125,0.5,0.258,-0.3,0.5,0.1,0.6,12.5
Enrique Hernandez,BOS,238,215,27,45,16,0,4,24,18,38,0,1,0.209,0.273,0.34,0.271,-7.6,0.9,0.1,1.2,17.7
Magneuris Sierra,LAA,31,29,4,7,0,1,0,0,2,7,2,0,0.241,0.29,0.31,0.267,-1.1,1.1,0.1,0.7,24.1
Wil Myers,SDP,155,142,14,34,6,0,1,22,10,45,0,0,0.239,0.284,0.303,0.258,-6.5,0.7,0.1,1.4,31.7
Bryson Stott,PHI,277,255,32,51,8,1,7,34,22,46,4,1,0.2,0.264,0.322,0.261,-11.0,0.9,0.1,0.4,18.0
Kyle Isbel,KCR,174,164,16,35,5,3,3,14,6,45,5,3,0.213,0.247,0.335,0.253,-7.9,1.3,0.1,6.8,27.4
Dairon Blanco,KCR,7,7,1,2,0,0,0,2,0,4,1,0,0.286,0.286,0.286,0.253,-0.3,0.6,0.1,0.7,57.1
Miguel Andujar,NYY,52,49,7,12,2,0,0,4,2,8,3,0,0.245,0.269,0.286,0.245,-2.7,0.8,0.1,0.9,16.3
Alex Call,CLE,16,12,2,2,0,0,0,0,4,4,0,0,0.167,0.375,0.167,0.283,-0.4,1.0,0.1,0.6,33.3
Jonah Bride,OAK,74,68,4,15,1,0,0,1,6,10,1,0,0.221,0.284,0.235,0.24,-4.1,0.7,0.1,2.0,14.7
Yadier Molina,STL,153,150,10,31,5,0,2,11,3,27,1,0,0.207,0.222,0.28,0.22,-11.0,0.9,0.1,5.7,18.0
Mike Zunino,TBR,123,115,7,17,3,0,5,16,6,46,0,0,0.148,0.195,0.304,0.219,-9.0,0.8,0.1,2.2,40.0
Dixon Machado,SFG,17,15,1,3,0,0,0,0,1,5,0,0,0.2,0.294,0.2,0.239,-1.0,0.7,0.1,0.8,33.3
Jose Herrera,ARI,120,107,9,21,2,0,0,5,9,33,0,0,0.196,0.259,0.215,0.22,-8.7,1.1,0.1,2.6,30.8
Bubba Thompson,TEX,11,11,0,2,0,0,0,0,0,2,2,0,0.182,0.182,0.182,0.161,-1.3,0.8,0.1,1.4,18.2
Adalberto Mondesi,KCR,54,50,3,7,0,0,0,3,4,20,5,0,0.14,0.204,0.14,0.166,-6.2,0.6,0.1,3.5,40.0
Billy Hamilton,MIA,11,9,8,1,0,0,0,0,1,4,7,0,0.111,0.2,0.111,0.157,-1.3,1.0,0.1,-0.1,44.4
Zack Short,DET,4,3,2,0,0,0,0,0,1,2,1,0,0.0,0.25,0.0,0.172,-0.4,0.8,0.1,0.5,66.7
Khalil Lee,NYM,2,2,1,1,0,0,1,3,0,0,0,0,0.5,0.5,2.0,1.033,1.2,0.2,0.0,-1.1,0.0
Evan Phillips,LAD,1,0,0,0,0,0,0,0,1,0,0,0,0.0,1.0,0.0,0.69,0.3,0.5,0.0,,
Rob Brantly,NYY,3,3,0,1,1,0,0,0,0,0,0,0,0.333,0.333,0.667,0.42,0.3,0.5,0.0,0.0,0.0
Canaan Smith-Njigba,PIT,7,5,1,1,1,0,0,0,1,0,0,0,0.2,0.429,0.4,0.382,0.4,0.0,0.0,-0.3,0.0
Jonathan Aranda,TBR,16,16,1,6,1,0,0,2,0,3,0,0,0.375,0.375,0.438,0.355,0.6,-0.5,0.0,-1.1,18.8
Maikel Garcia,KCR,20,20,1,7,1,0,0,2,0,5,0,0,0.35,0.35,0.4,0.328,0.3,0.1,0.0,-1.0,25.0
Joey Votto,CIN,337,286,30,64,17,1,11,39,43,87,0,0,0.224,0.341,0.406,0.333,6.0,-0.4,0.0,-5.9,30.4
Hunter Dozier,KCR,367,335,38,83,21,3,10,35,28,83,2,3,0.248,0.311,0.418,0.318,2.2,0.0,0.0,-1.2,24.8
J.D. Davis,- - -,217,191,28,46,8,1,6,24,20,68,1,1,0.241,0.323,0.387,0.314,0.6,0.4,0.0,-1.3,35.6
Michael Chavis,PIT,291,273,25,67,11,2,10,33,13,84,1,1,0.245,0.282,0.41,0.298,-3.0,0.1,0.0,-1.9,30.8
Mark Kolozsvary,CIN,21,20,3,4,2,0,1,3,1,9,0,0,0.2,0.238,0.45,0.293,-0.3,0.4,0.0,-0.2,45.0
Zack Collins,TOR,79,72,7,14,4,0,4,10,6,31,0,0,0.194,0.266,0.417,0.297,-0.8,0.2,0.0,-0.6,43.1
Dermis Garcia,OAK,22,20,3,5,2,0,0,1,2,10,0,0,0.25,0.318,0.35,0.298,-0.2,0.5,0.0,0.2,50.0
Riley Greene,DET,195,176,23,42,7,2,3,20,17,54,1,4,0.239,0.308,0.352,0.293,-2.7,-0.3,0.0,-3.3,30.7
Colin Moran,CIN,117,100,8,21,3,0,4,22,14,27,0,0,0.21,0.299,0.36,0.291,-1.8,0.4,0.0,1.0,27.0
Pavin Smith,ARI,241,213,20,44,6,0,9,31,25,63,1,0,0.207,0.29,0.362,0.288,-4.4,0.2,0.0,0.3,29.6
Jarren Duran,BOS,171,160,20,36,12,3,2,12,10,48,7,1,0.225,0.275,0.375,0.283,-3.7,0.3,0.0,-1.5,30.0
Joey Meneses,WSN,16,15,2,3,0,0,1,1,1,2,0,0,0.2,0.25,0.4,0.283,-0.4,-0.4,0.0,-0.3,13.3
Albert Almora Jr.,CIN,194,184,21,44,9,1,5,29,7,37,3,2,0.239,0.269,0.38,0.282,-4.4,0.3,0.0,3.5,20.1
Matt Vierling,PHI,199,178,24,42,7,0,4,17,17,43,5,4,0.236,0.302,0.343,0.286,-3.9,0.1,0.0,-1.7,24.2
Nick Solak,TEX,88,77,12,16,1,0,3,4,6,18,3,2,0.208,0.299,0.338,0.288,-1.6,0.4,0.0,0.2,23.4
Vinny Capra,TOR,7,5,2,1,0,0,0,0,2,1,0,0,0.2,0.429,0.2,0.323,0.1,0.2,0.0,0.3,20.0
Jake Hager,ARI,59,50,4,12,2,0,0,3,8,17,0,0,0.24,0.345,0.28,0.291,-0.9,0.4,0.0,-1.2,34.0
Miguel Vargas,LAD,8,8,0,2,1,0,0,2,0,1,1,0,0.25,0.25,0.375,0.268,-0.3,0.0,0.0,0.0,12.5
Pablo Reyes,MIL,15,14,1,4,0,0,0,0,1,2,0,0,0.286,0.333,0.286,0.282,-0.3,0.0,0.0,-0.4,14.3
Yu Chang,- - -,99,90,9,20,3,0,2,6,6,40,0,1,0.222,0.293,0.322,0.278,-2.6,0.2,0.0,0.0,44.4
Alejo Lopez,CIN,69,61,6,15,2,0,0,1,6,10,2,1,0.246,0.333,0.279,0.284,-1.5,0.0,0.0,-0.1,16.4
Cam Gallagher,KCR,47,42,1,9,5,0,0,5,3,13,0,0,0.214,0.267,0.333,0.265,-1.7,0.4,0.0,-0.6,31.0
Matt Duffy,LAA,143,134,7,35,4,0,0,5,9,30,0,0,0.261,0.308,0.291,0.27,-4.6,-0.1,0.0,0.0,22.4
Yan Gomes,CHC,190,183,15,41,7,0,5,14,4,30,0,0,0.224,0.247,0.344,0.258,-8.0,0.0,0.0,2.0,16.4
Sheldon Neuse,OAK,252,233,21,53,4,2,3,21,17,69,6,1,0.227,0.286,0.3,0.264,-9.4,-0.5,0.0,-1.6,29.6
J.J. Bleday,MIA,52,49,4,10,3,0,1,1,3,17,1,0,0.204,0.25,0.327,0.254,-2.3,0.0,0.0,-0.5,34.7
Geraldo Perdomo,ARI,334,290,39,58,7,2,4,26,37,71,4,2,0.2,0.295,0.279,0.265,-12.2,0.2,0.0,-3.6,24.5
Luke Raley,TBR,63,52,7,9,2,0,1,4,7,20,0,0,0.173,0.302,0.269,0.268,-2.1,0.2,0.0,0.6,38.5
Adam Haseley,CHW,23,20,3,5,0,0,0,2,2,6,0,0,0.25,0.318,0.25,0.264,-0.9,-0.1,0.0,0.0,30.0
Conner Capel,STL,19,17,1,3,0,0,1,2,1,2,0,0,0.176,0.211,0.353,0.238,-1.1,-0.2,0.0,0.5,11.8
Nick Allen,OAK,143,130,14,27,7,0,1,7,11,26,1,2,0.208,0.275,0.285,0.253,-6.5,-0.2,0.0,-1.1,20.0
Rene Pinto,TBR,71,68,3,14,1,0,2,9,2,31,0,0,0.206,0.239,0.309,0.242,-3.9,-0.2,0.0,-0.3,45.6
Grayson Greiner,ARI,8,6,0,1,0,0,0,0,2,3,0,0,0.167,0.375,0.167,0.283,-0.2,0.2,0.0,0.0,50.0
Richie Martin,BAL,33,30,4,5,0,2,0,3,3,10,3,1,0.167,0.242,0.3,0.24,-1.9,0.4,0.0,1.6,33.3
Marcus Wilson,SEA,6,5,1,1,0,0,0,0,1,4,0,0,0.2,0.333,0.2,0.262,-0.2,0.0,0.0,0.0,80.0
Aramis Garcia,CIN,113,106,6,23,2,0,1,4,3,34,0,1,0.217,0.252,0.264,0.232,-7.1,0.1,0.0,4.1,32.1
Alex Jackson,MIL,12,12,0,3,0,0,0,0,0,7,0,0,0.25,0.25,0.25,0.221,-0.9,-0.2,0.0,-0.1,58.3
JT Riddle,CIN,4,4,0,1,0,0,0,0,0,1,0,0,0.25,0.25,0.25,0.221,-0.3,0.1,0.0,0.2,25.0
Erik Gonzalez,MIA,41,37,4,7,1,0,0,3,4,12,1,0,0.189,0.268,0.216,0.227,-2.7,-0.4,0.0,0.3,32.4
Connor Wong,BOS,9,8,0,2,0,0,0,1,0,2,0,0,0.25,0.222,0.25,0.196,-0.8,-0.3,0.0,0.0,25.0
Payton Henry,MIA,35,28,2,4,0,0,0,4,5,8,0,0,0.143,0.314,0.143,0.241,-1.9,0.3,0.0,0.1,28.6
Mark Mathias,MIL,17,16,2,2,0,0,1,4,0,4,1,0,0.125,0.118,0.313,0.173,-1.9,-0.2,0.0,0.8,25.0
Jason Krizan,SFG,10,8,0,1,0,0,0,0,2,3,0,0,0.125,0.3,0.125,0.226,-0.7,-0.3,0.0,-0.1,37.5
Matt Batten,SDP,21,18,0,2,1,0,0,1,2,6,0,0,0.111,0.238,0.167,0.202,-1.8,0.1,0.0,1.3,33.3
Jose Godoy,- - -,5,3,2,0,0,0,0,0,2,2,0,0,0.0,0.4,0.0,0.276,-0.1,0.2,0.0,-0.1,66.7
Simon Muzziotti,PHI,9,7,0,1,0,0,0,0,0,2,0,0,0.143,0.25,0.143,0.201,-0.8,-0.2,0.0,0.4,28.6
Dillon Thomas,LAA,14,11,1,1,0,0,0,0,2,6,0,0,0.091,0.286,0.091,0.213,-1.1,0.0,0.0,0.8,54.5
Mickey McDonald,OAK,6,4,0,0,0,0,0,0,2,3,0,0,0.0,0.333,0.0,0.23,-0.4,-0.1,0.0,0.2,75.0
Kevin Pillar,LAD,13,12,1,1,1,0,0,0,1,4,0,0,0.083,0.154,0.167,0.15,-1.7,-0.3,0.0,1.3,33.3
David Robertson,- - -,1,1,0,0,0,0,0,0,0,1,0,0,0.0,0.0,0.0,0.0,-0.2,-0.1,0.0,,100.0
Tyler Anderson,LAD,1,1,0,0,0,0,0,0,0,1,0,0,0.0,0.0,0.0,0.0,-0.2,-0.1,0.0,,100.0
Jose Alvarado,PHI,1,1,0,0,0,0,0,0,0,1,0,0,0.0,0.0,0.0,0.0,-0.2,-0.1,0.0,,100.0
Ka'ai Tom,SFG,1,1,0,0,0,0,0,0,0,0,0,0,0.0,0.0,0.0,0.0,-0.2,-0.2,0.0,,0.0
Yusniel Diaz,BAL,1,1,0,0,0,0,0,0,0,1,0,0,0.0,0.0,0.0,0.0,-0.2,-0.2,0.0,0.0,100.0
Taylor Jones,HOU,1,1,0,0,0,0,0,0,0,0,0,0,0.0,0.0,0.0,0.0,-0.2,-0.2,0.0,,0.0
Reiver Sanmartin,CIN,2,2,0,0,0,0,0,0,0,1,0,0,0.0,0.0,0.0,0.0,-0.5,-0.2,0.0,,50.0
Jack Larsen,SEA,1,1,0,0,0,0,0,0,0,1,0,0,0.0,0.0,0.0,0.0,-0.2,-0.2,0.0,,100.0
Joe Perez,HOU,1,1,0,0,0,0,0,0,0,1,0,0,0.0,0.0,0.0,0.0,-0.2,-0.1,0.0,0.1,100.0
Luis Garcia,WSN,220,213,18,63,13,2,4,25,2,46,1,4,0.296,0.301,0.432,0.314,0.7,-0.9,-0.1,-7.5,21.6
Christian Arroyo,BOS,154,141,18,38,6,1,4,13,8,20,3,1,0.27,0.32,0.411,0.32,1.2,-1.0,-0.1,-4.8,14.2
Salvador Perez,KCR,274,260,30,56,14,1,16,48,9,77,0,0,0.215,0.252,0.462,0.303,-1.6,-0.9,-0.1,-6.8,29.6
Nick Pratto,KCR,67,56,4,11,3,1,2,5,9,23,0,0,0.196,0.313,0.393,0.311,0.0,-0.9,-0.1,-1.5,41.1
Yermin Mercedes,SFG,80,70,9,17,5,0,1,8,9,17,0,0,0.243,0.338,0.357,0.313,0.1,-0.7,-0.1,-1.8,24.3
Raimel Tapia,TOR,290,275,31,76,16,1,5,37,9,52,5,1,0.276,0.298,0.396,0.302,-2.0,-0.9,-0.1,-6.1,18.9
LaMonte Wade Jr.,SFG,108,91,10,17,3,1,4,16,13,21,0,0,0.187,0.306,0.374,0.303,-0.6,-0.9,-0.1,-3.0,23.1
Jesus Aguilar,MIA,405,369,34,89,16,0,13,44,23,92,1,0,0.241,0.288,0.39,0.294,-5.3,-0.9,-0.1,0.0,24.9
Jared Walsh,LAA,398,374,39,86,18,2,14,42,21,118,1,1,0.23,0.276,0.401,0.292,-5.9,-0.6,-0.1,0.5,31.6
Clint Frazier,CHC,45,37,4,8,3,0,0,1,7,11,1,0,0.216,0.356,0.297,0.306,-0.2,-0.9,-0.1,-1.1,29.7
Vinnie Pasquantino,KCR,146,128,10,29,5,0,3,6,15,23,0,0,0.227,0.315,0.336,0.291,-2.3,-0.9,-0.1,1.0,18.0
Garrett Hampson,COL,160,142,24,32,5,3,2,12,14,41,6,1,0.225,0.299,0.345,0.287,-3.0,-1.0,-0.1,-2.7,28.9
Rougned Odor,BAL,328,298,36,58,16,3,10,37,22,80,2,1,0.195,0.259,0.369,0.273,-9.8,-1.3,-0.1,-3.5,26.8
Nick Senzel,CIN,289,259,35,64,9,0,3,18,17,54,5,3,0.247,0.302,0.317,0.278,-7.5,-1.0,-0.1,-1.8,20.8
Corey Dickerson,STL,153,141,17,31,6,0,4,19,9,26,0,0,0.22,0.268,0.348,0.267,-5.3,-1.3,-0.1,0.7,18.4
Diego Castillo,PIT,257,239,24,48,10,0,10,25,13,70,1,1,0.201,0.245,0.368,0.265,-9.4,-1.4,-0.1,-1.2,29.3
CJ Abrams,SDP,139,125,16,29,5,0,2,11,4,27,1,2,0.232,0.285,0.32,0.27,-4.5,-0.6,-0.1,-2.2,21.6
Jose Azocar,SDP,143,133,13,31,6,3,0,8,9,32,3,5,0.233,0.28,0.323,0.266,-5.1,-0.9,-0.1,2.3,24.1
Michael Massey,KCR,20,20,0,6,0,0,0,0,0,3,1,0,0.3,0.3,0.3,0.265,-0.7,-1.2,-0.1,-1.3,15.0
Narciso Crook,CHC,9,8,1,2,1,0,0,2,0,3,0,0,0.25,0.222,0.375,0.238,-0.5,-1.3,-0.1,-0.1,37.5
J.J. Matijevic,HOU,57,53,6,10,2,0,2,4,2,19,1,0,0.189,0.246,0.34,0.259,-2.3,-0.7,-0.1,0.3,35.8
Nick Plummer,NYM,31,29,4,4,1,0,2,6,1,12,0,0,0.138,0.194,0.379,0.248,-1.5,-1.2,-0.1,-0.3,41.4
Andrew Knizner,STL,196,173,14,37,6,0,1,17,18,41,0,0,0.214,0.303,0.266,0.264,-7.3,-1.3,-0.1,-4.6,23.7
Dominic Smith,NYM,152,134,11,26,10,1,0,17,12,37,0,0,0.194,0.276,0.284,0.254,-6.8,-1.0,-0.1,1.6,27.6
Austin Wynns,SFG,88,78,6,16,3,0,1,10,7,20,0,0,0.205,0.276,0.282,0.253,-4.0,-1.4,-0.1,-0.9,25.6
Esteury Ruiz,SDP,27,27,1,6,1,1,0,2,0,5,1,2,0.222,0.222,0.333,0.237,-1.6,-0.8,-0.1,0.5,18.5
Andy Ibanez,TEX,128,119,13,26,4,0,1,9,9,21,3,0,0.218,0.273,0.277,0.249,-6.3,-1.3,-0.1,0.1,17.6
Kyle Stowers,BAL,8,7,0,1,1,0,0,1,0,4,0,0,0.143,0.25,0.286,0.248,-0.4,-1.0,-0.1,-0.2,57.1
Kevin Smith,OAK,151,139,9,25,9,1,2,13,7,42,4,0,0.18,0.216,0.302,0.226,-10.2,-1.4,-0.1,2.9,30.2
Chad Wallach,LAA,36,32,3,5,1,0,1,4,3,7,0,0,0.156,0.229,0.281,0.23,-2.3,-0.6,-0.1,-0.1,21.9
Patrick Mazeika,NYM,72,68,4,13,4,0,1,6,2,9,0,0,0.191,0.214,0.294,0.222,-5.1,-0.7,-0.1,0.4,13.2
Elier Hernandez,TEX,31,29,3,6,2,0,0,3,1,13,0,0,0.207,0.226,0.276,0.218,-2.3,-0.5,-0.1,1.7,44.8
Anthony Alford,PIT,4,4,0,1,0,0,0,0,0,2,0,0,0.25,0.25,0.25,0.221,-0.3,-1.4,-0.1,-1.2,50.0
Jarred Kelenic,SEA,113,103,12,14,2,1,4,12,9,42,5,2,0.136,0.204,0.291,0.219,-8.2,-1.2,-0.1,3.6,40.8
Mark Contreras,MIN,26,25,5,3,0,0,2,4,0,9,0,0,0.12,0.115,0.36,0.193,-2.4,-1.4,-0.1,-0.1,36.0
Steele Walker,TEX,16,14,1,1,0,0,1,1,2,4,0,0,0.071,0.188,0.286,0.215,-1.2,-1.4,-0.1,-0.6,28.6
Jermaine Palacios,MIN,28,24,3,5,0,0,0,2,2,7,0,0,0.208,0.259,0.208,0.215,-2.1,-1.2,-0.1,-0.4,29.2
Lewin Diaz,MIA,45,40,5,7,1,0,0,0,5,15,0,0,0.175,0.267,0.2,0.223,-3.2,-1.1,-0.1,1.1,37.5
Michael Stefanic,LAA,48,42,4,7,1,0,0,0,4,9,0,0,0.167,0.271,0.19,0.224,-3.3,-0.9,-0.1,0.7,21.4
Travis Jankowski,- - -,64,55,11,9,0,0,0,2,8,10,3,0,0.164,0.281,0.164,0.222,-4.5,-1.0,-0.1,1.1,18.2
Josh Palacios,WSN,10,10,1,2,0,0,0,0,0,3,0,0,0.2,0.2,0.2,0.177,-1.1,-0.5,-0.1,0.4,30.0
Manny Pina,ATL,17,14,1,2,0,0,0,2,1,1,0,0,0.143,0.235,0.143,0.187,-1.7,-1.0,-0.1,-0.2,7.1
Bryan Lavastida,CLE,15,12,0,1,0,0,0,0,3,4,0,0,0.083,0.267,0.083,0.197,-1.4,-0.8,-0.1,-0.2,33.3
Lenyn Sosa,CHW,13,12,2,1,1,0,0,0,1,3,0,0,0.083,0.154,0.167,0.15,-1.7,-0.6,-0.1,0.6,25.0
Ivan Herrera,STL,22,18,0,2,0,0,0,1,2,8,0,0,0.111,0.19,0.111,0.15,-2.8,-1.3,-0.1,0.2,44.4
Ender Inciarte,NYM,8,8,1,1,0,0,0,0,0,0,0,0,0.125,0.125,0.125,0.111,-1.3,-0.8,-0.1,0.4,0.0
Christian Lopes,OAK,10,9,0,0,0,0,0,0,1,5,0,0,0.0,0.1,0.0,0.069,-1.9,-1.4,-0.1,0.1,55.6
D.J. Stewart,BAL,3,3,0,0,0,0,0,0,0,2,0,0,0.0,0.0,0.0,0.0,-0.7,-0.6,-0.1,,66.7
Drew Jackson,OAK,3,3,0,0,0,0,0,0,0,1,0,0,0.0,0.0,0.0,0.0,-0.7,-0.5,-0.1,0.2,33.3
Travis Blankenhorn,NYM,3,3,0,0,0,0,0,0,0,1,0,0,0.0,0.0,0.0,0.0,-0.7,-0.7,-0.1,,33.3
Matt Thaiss,LAA,2,2,0,0,0,0,0,0,0,1,0,0,0.0,0.0,0.0,0.0,-0.5,-0.7,-0.1,0.0,50.0
Ronnie Dawson,CIN,3,3,0,0,0,0,0,0,0,2,0,0,0.0,0.0,0.0,0.0,-0.7,-0.8,-0.1,,66.7
Caleb Hamilton,MIN,6,5,0,0,0,0,0,0,0,4,0,0,0.0,0.0,0.0,0.0,-1.5,-1.0,-0.1,0.1,80.0
Bryce Johnson,SFG,3,3,0,0,0,0,0,0,0,2,0,0,0.0,0.0,0.0,0.0,-0.7,-0.7,-0.1,-0.1,66.7
Kramer Robertson,STL,1,1,0,0,0,0,0,1,0,0,0,0,0.0,0.0,0.0,0.0,-0.2,-0.8,-0.1,-0.6,0.0
Brewer Hicklen,KCR,4,4,1,0,0,0,0,0,0,4,0,0,0.0,0.0,0.0,0.0,-1.0,-1.1,-0.1,-0.1,100.0
Yadiel Hernandez,WSN,295,277,26,75,16,0,8,38,15,67,2,1,0.271,0.308,0.415,0.315,1.0,-2.2,-0.2,-2.8,24.2
Albert Pujols,STL,198,171,18,39,8,0,7,24,18,32,1,1,0.228,0.313,0.398,0.31,-0.1,-1.8,-0.2,0.8,18.7
Yuli Gurriel,HOU,390,364,37,87,31,0,7,30,20,50,8,0,0.239,0.287,0.382,0.293,-5.5,-1.8,-0.2,-3.6,13.7
Hanser Alberto,LAD,109,108,12,28,7,1,2,14,1,19,0,0,0.259,0.266,0.398,0.286,-2.1,-1.7,-0.2,-2.7,17.6
Franchy Cordero,BOS,244,215,31,47,17,1,4,24,24,78,4,1,0.219,0.298,0.363,0.292,-3.6,-2.3,-0.2,-4.2,36.3
Bobby Dalbec,BOS,300,268,32,55,7,2,11,32,26,95,2,0,0.205,0.28,0.369,0.286,-5.9,-1.6,-0.2,-1.2,35.4
Alfonso Rivas,CHC,201,177,19,41,4,1,3,24,20,63,3,0,0.232,0.313,0.316,0.283,-4.4,-2.0,-0.2,-0.8,35.6
Austin Nola,SDP,272,237,26,58,10,0,2,28,23,44,2,1,0.245,0.316,0.312,0.281,-6.4,-1.5,-0.2,-8.4,18.6
Richie Palacios,CLE,93,84,6,21,5,0,0,10,7,14,1,0,0.25,0.312,0.31,0.28,-2.3,-1.9,-0.2,-1.9,16.7
Cesar Hernandez,WSN,464,420,51,99,22,3,0,22,34,84,4,2,0.236,0.302,0.302,0.273,-14.0,-1.8,-0.2,-1.9,20.0
Avisail Garcia,MIA,342,323,29,75,8,0,7,30,13,95,4,0,0.232,0.269,0.322,0.261,-13.4,-1.9,-0.2,4.1,29.4
Alan Trejo,COL,40,39,6,9,1,0,1,6,1,9,0,0,0.231,0.25,0.333,0.255,-1.8,-1.6,-0.2,-1.1,23.1
Willie Calhoun,TEX,53,44,7,6,3,0,1,2,8,6,0,0,0.136,0.283,0.273,0.261,-2.1,-1.5,-0.2,0.4,13.6
Sergio Alcantara,- - -,133,124,14,25,3,1,3,15,5,34,0,2,0.202,0.229,0.315,0.236,-7.8,-1.8,-0.2,1.6,27.4
Ryan O'Hearn,KCR,94,85,6,17,1,1,1,10,7,27,0,0,0.2,0.266,0.271,0.243,-5.1,-2.1,-0.2,1.0,31.8
Nick Madrigal,CHC,123,115,9,26,3,0,0,2,6,18,1,0,0.226,0.27,0.252,0.237,-7.2,-2.0,-0.2,1.4,15.7
Paul DeJong,STL,113,99,8,14,5,0,3,13,11,34,3,0,0.141,0.23,0.283,0.231,-7.2,-1.5,-0.2,-0.9,34.3
Mickey Moniak,- - -,65,60,8,10,1,0,2,5,3,24,0,0,0.167,0.219,0.283,0.225,-4.5,-2.2,-0.2,-0.4,40.0
Vimael Machin,OAK,87,78,6,15,1,0,1,4,6,13,0,0,0.192,0.253,0.244,0.226,-5.9,-1.7,-0.2,0.7,16.7
Mike Ford,- - -,50,40,1,6,1,0,0,5,9,14,0,0,0.15,0.32,0.175,0.252,-2.3,-1.8,-0.2,0.0,35.0
Steven Duggar,- - -,58,53,4,10,3,0,0,4,4,28,5,1,0.189,0.241,0.245,0.219,-4.2,-1.9,-0.2,-0.9,52.8
Drew Ellis,- - -,17,16,2,3,1,0,0,1,1,7,0,0,0.188,0.235,0.25,0.219,-1.2,-1.7,-0.2,-1.3,43.8
Andrew Velazquez,LAA,272,248,26,43,6,0,5,22,13,90,12,1,0.173,0.221,0.258,0.215,-20.8,-1.6,-0.2,4.2,36.3
Peyton Burdick,MIA,7,6,0,1,0,0,0,0,1,4,0,0,0.167,0.286,0.167,0.225,-0.5,-1.8,-0.2,-1.5,66.7
Tres Barrera,WSN,26,24,1,4,1,0,0,4,2,8,0,0,0.167,0.231,0.208,0.204,-2.2,-2.0,-0.2,-0.9,33.3
Chris Okey,CIN,13,12,3,2,0,0,0,0,0,5,0,0,0.167,0.231,0.167,0.191,-1.2,-1.9,-0.2,-1.2,41.7
Stuart Fairchild,- - -,28,25,3,2,0,0,1,1,2,14,0,0,0.08,0.179,0.2,0.18,-2.9,-1.8,-0.2,0.4,56.0
Michael Hermosillo,CHC,35,28,2,2,1,0,0,2,4,14,0,0,0.071,0.257,0.107,0.202,-3.0,-2.1,-0.2,-0.5,50.0
Rylan Bannon,BAL,15,14,0,2,0,0,0,0,0,5,0,0,0.143,0.2,0.143,0.166,-1.7,-2.0,-0.2,-0.7,35.7
Max Schrock,CIN,27,26,1,4,0,0,0,1,1,6,0,0,0.154,0.185,0.154,0.157,-3.3,-2.4,-0.2,0.3,23.1
Taylor Motter,CIN,6,6,0,1,0,0,0,0,0,3,0,0,0.167,0.167,0.167,0.147,-0.8,-2.2,-0.2,-1.6,50.0
Steven Souza Jr.,SEA,19,19,0,3,0,0,0,1,0,8,0,0,0.158,0.158,0.158,0.14,-2.6,-1.9,-0.2,0.5,42.1
Tim Beckham,MIN,14,14,0,2,0,0,0,1,0,5,0,0,0.143,0.143,0.143,0.126,-2.1,-2.0,-0.2,-0.2,35.7
Austin Allen,OAK,16,14,1,1,0,0,0,0,1,9,0,0,0.071,0.188,0.071,0.143,-2.1,-1.5,-0.2,0.1,64.3
Sean Bouchard,COL,9,7,1,0,0,0,0,0,2,2,0,0,0.0,0.222,0.0,0.153,-1.1,-2.0,-0.2,-1.0,28.6
Travis Swaggerty,PIT,9,9,0,1,0,0,0,0,0,4,0,0,0.111,0.111,0.111,0.098,-1.5,-2.1,-0.2,-0.8,44.4
Estevan Florial,NYY,12,11,0,0,0,0,0,0,1,4,1,0,0.0,0.083,0.0,0.057,-2.4,-1.9,-0.2,0.0,36.4
Will Benson,CLE,12,11,1,0,0,0,0,0,1,6,0,0,0.0,0.083,0.0,0.057,-2.4,-2.4,-0.2,-0.3,54.5
Brent Rooker,SDP,7,7,0,0,0,0,0,0,0,4,0,0,0.0,0.0,0.0,0.0,-1.7,-2.2,-0.2,-0.6,57.1
Aaron Whitefield,LAA,11,11,0,0,0,0,0,0,0,5,0,0,0.0,0.0,0.0,0.0,-2.7,-1.8,-0.2,0.7,45.5
Freddy Fermin,KCR,7,7,1,0,0,0,0,0,0,3,0,1,0.0,0.0,0.0,0.0,-1.7,-1.6,-0.2,0.0,42.9
Randal Grichuk,COL,359,336,39,86,17,2,11,55,18,89,3,0,0.256,0.298,0.417,0.31,0.0,-2.7,-0.3,-5.3,26.5
Austin Meadows,DET,147,128,9,32,6,2,0,11,16,17,0,1,0.25,0.347,0.328,0.307,-0.4,-2.9,-0.3,-4.4,13.3
Victor Reyes,DET,170,163,12,44,11,1,1,15,6,42,0,2,0.27,0.294,0.368,0.289,-3.0,-2.8,-0.3,-3.5,25.8
Dee Strange-Gordon,WSN,59,59,6,18,1,1,0,2,0,8,3,2,0.305,0.305,0.356,0.288,-1.0,-3.2,-0.3,-4.2,13.6
Kole Calhoun,TEX,350,322,35,68,14,1,11,43,21,105,2,2,0.211,0.269,0.363,0.278,-9.2,-2.7,-0.3,-0.1,32.6
A.J. Pollock,CHW,320,297,34,69,16,1,5,35,20,67,1,1,0.232,0.281,0.343,0.275,-8.9,-2.6,-0.3,-1.2,22.6
Jake Fraley,CIN,61,55,7,11,2,0,2,6,5,13,1,0,0.2,0.279,0.345,0.279,-1.5,-2.6,-0.3,-2.4,23.6
Kurt Suzuki,LAA,123,110,9,22,4,0,3,12,11,23,0,0,0.2,0.276,0.318,0.267,-4.3,-2.6,-0.3,-3.8,20.9
Tyler Nevin,BAL,171,145,17,30,4,0,2,15,19,45,0,0,0.207,0.31,0.276,0.271,-5.4,-2.8,-0.3,-1.6,31.0
Didi Gregorius,PHI,232,214,17,45,9,4,1,19,13,36,1,0,0.21,0.263,0.304,0.251,-10.9,-2.6,-0.3,-3.4,16.8
Rodolfo Castro,PIT,78,71,6,14,2,1,1,4,5,19,2,3,0.197,0.269,0.296,0.255,-3.4,-2.5,-0.3,-1.6,26.8
Zach Reks,TEX,34,34,3,9,1,0,0,3,0,10,0,1,0.265,0.265,0.294,0.245,-1.8,-3.3,-0.3,-2.0,29.4
Josh VanMeter,PIT,174,154,15,28,4,2,3,12,18,39,3,0,0.182,0.264,0.292,0.251,-8.3,-2.5,-0.3,-0.2,25.3
Jason Heyward,CHC,151,137,15,28,5,1,1,10,11,32,1,0,0.204,0.278,0.277,0.254,-6.9,-3.3,-0.3,-0.3,23.4
Matt Davidson,- - -,37,34,3,5,0,0,2,3,3,13,0,1,0.147,0.216,0.324,0.239,-2.1,-2.6,-0.3,-1.4,38.2
Kyle Lewis,SEA,61,55,6,8,0,0,3,5,5,18,0,0,0.145,0.23,0.309,0.242,-3.3,-3.3,-0.3,0.0,32.7
T.J. Friedl,CIN,100,90,13,18,4,2,0,7,5,18,5,0,0.2,0.25,0.289,0.237,-5.8,-2.6,-0.3,-0.1,20.0
Bligh Madris,PIT,81,77,7,15,5,0,1,6,4,23,2,0,0.195,0.235,0.299,0.236,-4.8,-3.0,-0.3,-0.2,29.9
Kody Clemens,DET,77,69,8,9,1,0,3,9,6,15,1,0,0.13,0.195,0.275,0.208,-6.3,-2.9,-0.3,1.2,21.7
David MacKinnon,LAA,43,37,0,7,0,0,0,6,5,12,0,0,0.189,0.279,0.189,0.224,-3.0,-2.7,-0.3,-0.7,32.4
Dom Nunez,COL,36,28,3,4,1,0,0,2,6,7,0,0,0.143,0.278,0.179,0.224,-2.5,-2.8,-0.3,-1.8,25.0
Bradley Zimmer,TOR,86,75,11,8,4,0,2,3,5,33,2,1,0.107,0.212,0.24,0.212,-6.8,-2.8,-0.3,0.7,44.0
Kevin Padlo,- - -,23,22,0,4,1,0,0,3,1,9,0,0,0.182,0.217,0.227,0.2,-2.0,-2.9,-0.3,-1.6,40.9
Korey Lee,HOU,26,25,1,4,2,0,0,4,1,9,0,0,0.16,0.192,0.24,0.191,-2.5,-2.9,-0.3,-1.9,36.0
Kelvin Gutierrez,BAL,33,28,2,4,1,0,0,3,4,8,1,0,0.143,0.25,0.179,0.208,-2.7,-3.2,-0.3,-1.5,28.6
Jeter Downs,BOS,41,39,4,6,1,0,1,4,1,21,0,0,0.154,0.171,0.256,0.184,-4.1,-3.0,-0.3,-0.6,53.8
Anthony Bemboom,BAL,59,52,4,6,2,0,1,1,6,17,0,0,0.115,0.207,0.212,0.196,-5.4,-3.0,-0.3,-0.7,32.7
Phil Gosselin,- - -,62,59,6,10,0,1,0,2,2,18,0,0,0.169,0.21,0.203,0.188,-6.1,-3.1,-0.3,1.2,30.5
Greg Allen,PIT,36,34,4,5,2,0,0,1,2,10,1,0,0.147,0.194,0.206,0.182,-3.7,-3.0,-0.3,-0.6,29.4
Heliot Ramos,SFG,14,13,2,2,0,0,0,0,1,3,0,0,0.154,0.214,0.154,0.176,-1.5,-3.1,-0.3,-1.9,23.1
Jonathan Arauz,- - -,41,38,3,5,0,0,1,5,1,12,0,0,0.132,0.15,0.211,0.157,-5.1,-3.3,-0.3,0.1,31.6
Niko Goodrum,HOU,45,43,2,5,2,0,0,1,2,23,1,0,0.116,0.156,0.163,0.146,-5.9,-2.8,-0.3,1.0,53.5
Zach McKinstry,- - -,28,25,4,1,0,0,1,2,3,10,0,0,0.04,0.143,0.16,0.148,-3.6,-3.0,-0.3,-0.2,40.0
Gabriel Arias,CLE,20,19,2,2,0,0,0,1,1,8,0,0,0.105,0.15,0.105,0.123,-3.0,-2.6,-0.3,-0.1,42.1
Yonny Hernandez,ARI,28,24,2,2,0,0,0,0,2,4,2,0,0.083,0.154,0.083,0.121,-4.2,-2.8,-0.3,-0.3,16.7
Luis Campusano,SDP,13,12,1,1,0,0,0,1,0,2,0,0,0.083,0.077,0.083,0.068,-2.5,-2.9,-0.3,,16.7
Sebastian Rivero,KCR,14,12,0,0,0,0,0,0,1,6,0,0,0.0,0.077,0.0,0.053,-2.9,-3.0,-0.3,-1.0,50.0
Hoy Park,PIT,59,50,7,11,2,0,2,6,4,15,1,0,0.22,0.281,0.38,0.286,-1.1,-3.9,-0.4,-5.8,30.0
Mike Moustakas,CIN,256,223,26,45,11,0,6,21,24,67,2,0,0.202,0.293,0.332,0.281,-6.1,-4.1,-0.4,-0.3,30.0
Stephen Piscotty,OAK,131,119,12,24,4,0,5,14,8,44,2,0,0.202,0.26,0.361,0.268,-4.4,-3.6,-0.4,-2.0,37.0
Cooper Hummel,ARI,149,129,14,22,4,3,2,11,20,47,4,0,0.171,0.282,0.295,0.263,-5.6,-4.2,-0.4,-1.2,36.4
Abraham Toro,SEA,285,261,30,47,11,1,8,26,20,47,1,0,0.18,0.239,0.322,0.245,-14.8,-3.7,-0.4,2.9,18.0
Guillermo Heredia,ATL,71,65,9,9,2,1,3,6,6,29,0,0,0.138,0.211,0.338,0.241,-3.9,-3.5,-0.4,-0.9,44.6
Alcides Escobar,WSN,131,124,12,27,4,2,0,8,5,32,1,1,0.218,0.26,0.282,0.242,-7.2,-3.5,-0.4,-2.8,25.8
Andrelton Simmons,CHC,85,75,8,13,1,0,0,7,7,13,4,0,0.173,0.244,0.187,0.204,-7.2,-3.4,-0.4,0.6,17.3
Alex Dickerson,ATL,36,33,3,4,0,0,1,2,3,9,0,0,0.121,0.194,0.212,0.189,-3.5,-4.1,-0.4,,27.3
Austin Romine,- - -,41,38,2,6,1,0,0,0,2,12,0,0,0.158,0.2,0.184,0.176,-4.3,-4.1,-0.4,-1.8,31.6
Andrew Knapp,- - -,39,35,2,4,1,0,0,2,3,12,0,0,0.114,0.205,0.143,0.172,-4.3,-3.5,-0.4,-1.8,34.3
Yolmer Sanchez,BOS,44,37,1,4,0,0,0,2,5,13,0,2,0.108,0.214,0.108,0.166,-5.1,-3.7,-0.4,1.3,35.1
Bobby Bradley,CLE,17,17,1,2,0,0,0,0,0,9,0,0,0.118,0.118,0.118,0.104,-2.8,-3.6,-0.4,-1.0,52.9
Tommy La Stella,SFG,143,134,14,33,13,0,2,11,6,23,0,0,0.246,0.28,0.388,0.289,-2.5,-4.5,-0.5,-3.0,17.2
Elias Diaz,COL,269,245,18,56,12,2,6,31,20,55,0,0,0.229,0.29,0.367,0.289,-4.6,-4.9,-0.5,-7.4,22.4
Jo Adell,LAA,148,138,9,32,7,0,4,15,8,50,3,2,0.232,0.284,0.37,0.288,-2.7,-4.6,-0.5,-4.5,36.2
Oscar Mercado,- - -,128,121,17,25,6,1,4,16,5,29,2,2,0.207,0.242,0.372,0.265,-4.6,-4.9,-0.5,-3.2,24.0
Robbie Grossman,- - -,326,278,24,58,15,1,2,24,39,92,3,1,0.209,0.316,0.291,0.28,-8.0,-4.7,-0.5,-2.3,33.1
Travis Demeritte,ATL,96,89,9,19,2,0,3,6,6,32,0,0,0.213,0.26,0.337,0.263,-3.7,-5.2,-0.5,-1.8,36.0
Jackie Bradley Jr.,BOS,290,271,21,57,19,1,3,29,17,58,2,3,0.21,0.257,0.321,0.255,-12.8,-4.3,-0.5,3.9,21.4
Willians Astudillo,MIA,55,54,5,13,0,0,1,4,1,3,1,0,0.241,0.255,0.296,0.243,-3.0,-4.9,-0.5,-3.7,5.6
Tyler Wade,LAA,163,147,22,32,5,0,1,8,10,33,8,5,0.218,0.272,0.272,0.247,-8.3,-5.2,-0.5,-2.8,22.4
Stephen Vogt,OAK,107,94,10,14,0,0,5,12,9,27,1,0,0.149,0.224,0.309,0.236,-6.4,-4.8,-0.5,-2.0,28.7
Yasmani Grandal,CHW,249,218,7,42,5,0,2,19,30,56,1,0,0.193,0.289,0.243,0.247,-12.5,-4.6,-0.5,2.2,25.7
Sam Hilliard,COL,162,144,19,26,5,1,2,13,15,45,3,1,0.181,0.259,0.271,0.241,-9.0,-4.3,-0.5,2.1,31.2
Michael Perez,PIT,116,107,8,16,0,0,6,11,8,26,1,0,0.15,0.209,0.318,0.233,-7.2,-5.1,-0.5,-3.6,24.3
Jack Mayfield,LAA,74,70,8,13,1,1,1,6,3,17,1,0,0.186,0.23,0.271,0.224,-5.1,-4.5,-0.5,-1.3,24.3
Ernie Clement,CLE,158,143,16,29,3,0,0,6,11,24,0,1,0.203,0.268,0.224,0.228,-10.4,-5.1,-0.5,1.3,16.8
Vidal Brujan,TBR,152,138,11,23,5,0,2,15,12,36,4,5,0.167,0.23,0.246,0.216,-11.4,-5.2,-0.5,1.1,26.1
Ehire Adrianza,- - -,97,87,6,16,3,0,0,7,8,23,1,0,0.184,0.258,0.218,0.222,-6.9,-5.2,-0.5,-2.0,26.4
Justin Upton,SEA,57,48,2,6,1,0,1,3,6,23,0,0,0.125,0.263,0.208,0.231,-3.6,-4.6,-0.5,-0.1,47.9
Eddy Alvarez,LAD,27,25,1,4,0,0,0,3,0,9,1,0,0.16,0.154,0.16,0.136,-3.8,-4.6,-0.5,-1.4,36.0
Jose Rojas,LAA,31,30,1,3,2,0,0,1,0,9,0,0,0.1,0.129,0.167,0.133,-4.4,-4.9,-0.5,-1.2,30.0
Gavin Sheets,CHW,259,238,19,54,11,0,9,26,17,52,0,0,0.227,0.286,0.387,0.295,-3.2,-6.0,-0.6,-5.0,21.8
Nelson Cruz,WSN,398,350,42,81,15,0,8,52,42,90,4,0,0.231,0.318,0.343,0.297,-4.4,-5.5,-0.6,,25.7
Alex Kirilloff,MIN,156,144,14,36,7,0,3,21,5,36,0,0,0.25,0.29,0.361,0.286,-3.0,-5.9,-0.6,-3.7,25.0
Frank Schwindel,CHC,290,269,23,62,11,0,8,36,19,58,0,0,0.23,0.279,0.361,0.28,-7.1,-6.2,-0.6,-0.2,21.6
Riley Adams,WSN,88,78,8,15,1,0,3,5,9,26,0,1,0.192,0.284,0.321,0.274,-2.6,-6.2,-0.6,-6.8,33.3
Maikel Franco,WSN,370,353,29,81,15,0,8,38,12,71,1,0,0.229,0.257,0.34,0.261,-14.7,-5.7,-0.6,-0.3,20.1
Taylor Walls,TBR,316,280,33,48,12,2,5,18,33,86,6,2,0.171,0.263,0.282,0.248,-15.7,-5.4,-0.6,-5.0,30.7
Seth Beer,ARI,108,96,4,19,3,0,1,9,8,30,0,0,0.198,0.278,0.26,0.244,-5.7,-5.9,-0.6,0.2,31.2
Kevin Plawecki,BOS,123,108,9,19,4,0,1,7,11,22,0,0,0.176,0.262,0.241,0.234,-7.5,-5.7,-0.6,-3.2,20.4
Tucker Barnhart,DET,208,192,8,39,6,0,0,11,15,59,0,0,0.203,0.264,0.234,0.23,-13.4,-5.7,-0.6,-2.7,30.7
Juan Lagares,LAA,62,60,4,11,2,1,0,0,2,15,0,0,0.183,0.21,0.25,0.203,-5.3,-5.3,-0.6,-1.6,25.0
Jason Castro,HOU,88,78,6,9,2,0,1,3,8,40,1,0,0.115,0.205,0.179,0.183,-8.9,-5.6,-0.6,-1.9,51.3
Michael Papierski,- - -,75,66,6,9,0,0,0,1,8,20,0,0,0.136,0.23,0.136,0.182,-7.7,-5.7,-0.6,-1.3,30.3
Matt Beaty,SDP,40,37,6,4,1,1,0,1,2,6,0,0,0.108,0.175,0.189,0.168,-4.5,-5.9,-0.6,-1.9,16.2
Billy McKinney,OAK,57,52,3,5,1,0,1,4,4,16,0,0,0.096,0.158,0.173,0.144,-7.6,-6.1,-0.6,2.3,30.8
Lucius Fox,WSN,28,25,2,2,0,0,0,2,1,9,1,0,0.08,0.115,0.08,0.095,-4.8,-5.6,-0.6,-2.2,36.0
Travis Shaw,BOS,19,19,0,0,0,0,0,0,0,7,0,0,0.0,0.0,0.0,0.0,-4.7,-6.1,-0.6,-1.4,36.8
Charlie Culberson,TEX,104,95,16,24,5,0,0,8,5,25,2,3,0.253,0.29,0.305,0.265,-3.7,-6.5,-0.7,-4.9,26.3
Luis Torrens,SEA,138,128,9,27,2,0,1,9,8,45,0,0,0.211,0.261,0.25,0.232,-8.6,-6.3,-0.7,-3.1,35.2
Donovan Walton,- - -,78,76,9,12,8,0,1,8,1,16,0,0,0.158,0.179,0.303,0.208,-6.4,-6.3,-0.7,-2.8,21.1
Lorenzo Cain,MIL,156,145,17,26,5,0,1,9,8,36,2,2,0.179,0.231,0.234,0.212,-12.3,-6.6,-0.7,0.7,24.8
Chris Owings,BAL,68,56,6,6,2,0,0,0,10,24,1,0,0.107,0.254,0.143,0.204,-5.8,-6.4,-0.7,-2.4,42.9
Cole Tucker,PIT,63,63,3,11,1,1,0,2,0,25,1,0,0.175,0.175,0.222,0.172,-7.0,-6.8,-0.7,-2.2,39.7
Bryan De La Cruz,MIA,253,236,22,50,10,0,7,21,14,67,3,0,0.212,0.257,0.343,0.263,-9.5,-7.8,-0.8,-3.4,28.4
Calvin Mitchell,PIT,140,132,12,27,6,0,4,12,7,35,1,0,0.205,0.243,0.341,0.255,-6.2,-7.3,-0.8,-4.4,26.5
Akil Baddoo,DET,95,87,8,13,1,0,1,5,8,27,1,2,0.149,0.221,0.195,0.195,-8.7,-7.4,-0.8,-1.4,31.0
Marcell Ozuna,ATL,424,392,48,85,13,0,19,42,27,97,2,1,0.217,0.269,0.395,0.289,-7.3,-8.2,-0.9,-3.1,24.7
Miguel Cabrera,DET,360,329,23,88,9,0,4,37,23,83,1,0,0.267,0.317,0.331,0.286,-6.9,-8.3,-0.9,,25.2
Franmil Reyes,CLE,280,263,24,56,9,0,9,28,14,104,2,0,0.213,0.254,0.35,0.264,-10.4,-8.9,-0.9,-1.1,39.5
Jacob Stallings,MIA,265,242,20,50,7,0,2,23,17,64,0,1,0.207,0.269,0.26,0.242,-14.5,-8.6,-0.9,-5.5,26.4
Jed Lowrie,OAK,179,162,14,30,5,0,3,16,15,39,1,0,0.185,0.251,0.272,0.236,-10.6,-8.9,-0.9,-0.4,24.1
Eddie Rosario,ATL,140,130,13,23,4,1,3,16,8,36,2,0,0.177,0.221,0.292,0.226,-9.5,-8.6,-0.9,-3.0,27.7
Miguel Sano,MIN,71,60,1,5,0,0,1,3,9,25,1,0,0.083,0.211,0.133,0.176,-7.6,-8.8,-0.9,-1.3,41.7
Spencer Torkelson,DET,298,264,25,52,11,0,5,21,29,76,0,1,0.197,0.282,0.295,0.262,-11.4,-9.7,-1.0,0.6,28.8
Leury Garcia,CHW,268,254,31,53,7,0,3,18,7,55,1,0,0.209,0.233,0.272,0.223,-18.7,-10.0,-1.0,-1.7,21.7
Cristian Pache,OAK,214,201,15,32,5,1,2,13,11,56,1,2,0.159,0.203,0.224,0.193,-20.1,-9.8,-1.0,1.7,27.9
Brad Miller,TEX,202,188,18,38,2,0,7,29,13,59,4,2,0.202,0.252,0.324,0.255,-8.9,-10.8,-1.1,-5.8,31.4
Nick Castellanos,PHI,441,413,45,107,22,0,10,54,24,103,4,1,0.259,0.302,0.385,0.301,-3.4,-11.1,-1.2,-12.2,24.9
Robinson Chirinos,BAL,169,149,8,25,8,0,3,17,14,53,1,0,0.168,0.256,0.282,0.245,-8.8,-11.8,-1.2,-11.1,35.6
Jonathan Villar,- - -,220,202,25,42,6,2,3,18,15,59,7,0,0.208,0.26,0.302,0.25,-10.7,-12.9,-1.3,-12.0,29.2
Yoshi Tsutsugo,PIT,193,170,11,29,4,0,2,19,19,50,0,0,0.171,0.249,0.229,0.221,-13.8,-12.4,-1.3,-0.3,29.4
Robinson Cano,- - -,104,100,5,15,1,0,1,4,4,25,0,0,0.15,0.183,0.19,0.169,-11.7,-13.3,-1.4,-3.0,25.0
