Name,Team,W,L,ERA,WAR,G,GS,CG,ShO,SV,BS,IP,H,R,ER,HR,BB,HBP,WP,BK,SO,IFFB,Balls,Strikes,Pitches,RS,AVG,WHIP,BABIP,FIP,WPA,RAR,K9,BB9,Kperc,BBperc,LOBperc,FStrikeperc,FAperc,FTperc,FCperc,FSperc,FOperc,SIperc,SLperc,CUperc,KCperc,EPperc,CHperc,SCperc,KNperc,UNperc
Tyler Glasnow,TBR,1,0,0.46,1.3,3,3,0,0,0,0,19.2,7,1,1,0,3,0,1,0,29,4,86,190,276,4,0.108,0.51,0.194,0.65,1.12,9.8,13.27,1.37,0.426,0.044000000000000004,0.9,0.5589999999999999,0.5539999999999999,,,,,,0.304,0.134,,,0.006999999999999999,,,
Gerrit Cole,NYY,2,0,1.47,1.0,3,3,0,0,0,0,18.1,12,3,3,1,3,0,2,0,29,3,94,198,292,8,0.179,0.82,0.297,1.18,0.67,8.0,14.24,1.47,0.414,0.043,0.882,0.743,0.43200000000000005,,,,,,0.267,,0.16399999999999998,,0.13699999999999998,,,
Corbin Burnes,MIL,1,1,0.49,1.0,3,3,0,0,0,0,18.1,4,1,1,1,0,2,0,0,30,1,82,172,254,8,0.067,0.22,0.103,0.91,0.83,8.3,14.73,0.0,0.484,0.0,1.0,0.645,0.016,,0.5,,,0.126,0.098,0.11800000000000001,,,0.142,,,
Clayton Kershaw,LAD,2,1,2.89,0.9,3,3,0,0,0,0,18.2,19,7,6,0,1,0,1,0,16,2,84,170,254,9,0.253,1.07,0.322,1.59,0.18,7.4,7.71,0.48,0.21100000000000002,0.013000000000000001,0.65,0.618,0.36200000000000004,,,,,,0.47200000000000003,0.165,,,,,,
Lance Lynn,CHW,1,1,0.92,0.9,3,3,1,1,0,0,19.2,16,4,2,1,2,0,0,0,27,1,95,208,303,9,0.213,0.92,0.319,1.36,0.27,7.9,12.36,0.92,0.35100000000000003,0.026000000000000002,0.843,0.675,0.485,,0.254,,,0.244,,0.017,,,,,,
Joe Musgrove,SDP,2,1,0.47,0.8,3,3,1,1,0,0,19.0,7,1,1,1,2,1,0,0,24,1,83,188,271,10,0.109,0.47,0.154,1.77,0.75,7.0,11.37,0.95,0.358,0.03,1.0,0.642,0.13699999999999998,,0.251,,,0.055,0.262,0.196,,,0.1,,,
Johnny Cueto,SFG,2,0,1.8,0.8,3,3,0,0,0,0,20.0,13,4,4,0,4,0,0,0,18,2,103,188,291,8,0.186,0.85,0.25,1.94,0.73,6.9,8.1,1.8,0.243,0.054000000000000006,0.765,0.595,0.364,,,,,0.1,0.268,0.017,,,0.251,,,
Matthew Boyd,DET,2,1,1.86,0.8,3,3,0,0,0,0,19.1,16,4,4,0,5,1,2,0,14,7,87,201,288,12,0.222,1.09,0.276,2.62,0.37,6.5,6.52,2.33,0.179,0.064,0.818,0.718,0.40299999999999997,,,,,0.038,0.281,0.052000000000000005,,,0.226,,,
Lucas Giolito,CHW,1,0,2.55,0.8,3,3,0,0,0,0,17.2,9,5,5,1,5,0,1,0,26,3,95,195,290,8,0.143,0.79,0.222,1.78,0.44,6.8,13.25,2.55,0.382,0.07400000000000001,0.7140000000000001,0.588,0.5,,,,,,0.14800000000000002,,,,0.35200000000000004,,,
Jacob deGrom,NYM,0,1,0.64,0.8,2,2,0,0,0,0,14.0,8,1,1,1,2,0,0,0,21,5,46,126,172,2,0.17,0.71,0.28,1.5,0.59,6.4,13.5,1.29,0.429,0.040999999999999995,1.0,0.6729999999999999,0.738,,,,,,0.14,,,,0.122,,,
Shane Bieber,CLE,1,1,2.11,0.7,3,3,0,0,0,0,21.1,11,5,5,2,8,1,2,0,35,1,100,211,311,4,0.147,0.89,0.237,2.35,0.75,6.2,14.77,3.38,0.41700000000000004,0.095,0.872,0.595,0.379,,0.003,,,,0.28,,0.293,,0.045,,,
Brandon Woodruff,MIL,0,0,2.12,0.7,3,3,0,0,0,0,17.0,10,4,4,0,3,1,1,0,19,1,83,164,247,4,0.164,0.76,0.238,1.61,0.53,6.5,10.06,1.59,0.292,0.046,0.7140000000000001,0.6459999999999999,0.324,,,,,0.312,0.09300000000000001,0.13,,,0.142,,,
Nathan Eovaldi,BOS,2,1,2.08,0.6,3,3,0,0,0,0,17.1,12,4,4,0,4,1,1,0,14,2,88,174,262,12,0.197,0.92,0.255,2.39,0.64,5.2,7.27,2.08,0.212,0.061,0.765,0.5760000000000001,0.439,,0.126,0.092,,,0.13699999999999998,0.20600000000000002,,,,,,
Jose Berrios,MIN,2,1,3.38,0.6,3,3,0,0,0,0,16.0,9,6,6,1,6,1,1,0,25,1,99,161,260,9,0.17,0.94,0.296,2.14,0.42,5.0,14.06,3.38,0.41700000000000004,0.1,0.685,0.617,0.34600000000000003,,,,,0.242,,0.29600000000000004,,,0.115,,,
Zack Wheeler,PHI,1,2,3.0,0.6,3,3,0,0,0,0,18.0,18,6,6,1,5,1,0,0,20,2,106,186,292,6,0.261,1.28,0.354,2.64,0.13,5.3,10.0,2.5,0.267,0.067,0.7959999999999999,0.573,0.47600000000000003,,,,,0.131,0.255,0.07200000000000001,,,0.066,,,
Craig Kimbrel,CHC,0,0,0.0,0.6,5,0,0,0,3,0,6.0,0,0,0,0,1,0,0,0,10,0,26,59,85,0,0.0,0.17,0.0,0.31,0.99,5.5,15.0,1.5,0.526,0.053,1.0,0.789,0.494,,,,,,,,0.506,,,,,
Sandy Alcantara,MIA,0,1,2.45,0.6,3,3,0,0,0,0,18.1,10,6,5,0,7,2,1,0,21,1,98,168,266,3,0.152,0.93,0.222,2.32,0.2,5.4,10.31,3.44,0.28,0.09300000000000001,0.684,0.547,0.267,,,,,0.267,0.22899999999999998,0.023,,,0.214,,,
Jose Urquidy,HOU,0,1,4.5,0.6,3,3,0,0,0,0,16.0,16,8,8,1,4,0,2,0,19,5,93,191,284,8,0.258,1.25,0.357,2.33,-0.07,5.5,10.69,2.25,0.28800000000000003,0.061,0.645,0.545,0.563,,,,,,0.289,0.063,,,0.085,,,
Wade Miley,CIN,2,0,0.0,0.5,2,2,0,0,0,0,11.0,4,0,0,0,2,0,0,0,9,2,56,95,151,17,0.108,0.55,0.143,2.05,0.44,4.1,7.36,1.64,0.231,0.051,1.0,0.6409999999999999,0.159,,0.47,,,0.046,,0.013000000000000001,,,0.311,,,
Carlos Rodon,CHW,2,0,0.0,0.5,2,2,1,1,0,0,14.0,2,0,0,0,3,3,0,0,16,1,77,132,209,14,0.045,0.36,0.071,2.14,0.32,4.5,10.29,1.93,0.32,0.06,1.0,0.54,0.545,,,,,,0.258,0.038,,,0.158,,,
Freddy Peralta,MIL,2,0,0.69,0.5,3,2,0,0,0,0,13.0,5,1,1,1,9,0,1,0,24,4,101,136,237,11,0.119,1.08,0.235,2.53,0.48,4.1,16.62,6.23,0.47100000000000003,0.17600000000000002,1.0,0.431,0.523,,,,,,0.38799999999999996,0.025,,,0.063,,,
Matt Barnes,BOS,1,0,0.0,0.5,6,0,0,0,2,0,7.0,0,0,0,0,2,0,0,0,14,1,26,71,97,3,0.0,0.29,0.0,0.0,0.84,4.3,18.0,2.57,0.609,0.087,1.0,0.87,0.649,,,,,,,,0.35100000000000003,,,,,
Anthony DeSclafani,SFG,1,0,1.06,0.5,3,3,0,0,0,0,17.0,14,2,2,1,4,0,1,0,16,1,96,171,267,6,0.212,1.06,0.265,2.73,0.64,4.3,8.47,2.12,0.22899999999999998,0.057,0.9640000000000001,0.629,0.27,,,,,0.23199999999999998,0.251,,0.15,,0.09699999999999999,,,
Jakob Junis,KCR,1,0,1.5,0.5,4,2,0,0,0,0,12.0,8,2,2,0,3,0,0,0,15,1,59,110,169,8,0.186,0.92,0.286,1.39,0.52,4.3,11.25,2.25,0.326,0.065,0.818,0.609,0.627,,0.325,,,0.03,0.006,,,,0.012,,,
Dustin May,LAD,1,0,1.74,0.5,2,2,0,0,0,0,10.1,9,2,2,0,3,0,0,0,14,0,52,104,156,11,0.22,1.16,0.333,1.3,0.09,4.2,12.19,2.61,0.318,0.068,0.833,0.614,0.218,,0.16699999999999998,,,0.46799999999999997,,0.147,,,,,,
Hyun-Jin Ryu,TOR,1,1,1.89,0.5,3,3,0,0,0,0,19.0,15,5,4,2,2,0,0,0,19,1,88,189,277,9,0.211,0.89,0.26,2.83,0.33,4.3,9.0,0.95,0.26,0.027000000000000003,0.845,0.603,0.253,,0.314,,,0.004,,0.12300000000000001,,,0.307,,,
Michael Wacha,TBR,1,1,4.2,0.5,3,2,0,0,0,0,15.0,12,8,7,1,7,0,1,0,20,3,85,166,251,10,0.222,1.27,0.333,2.74,0.01,3.6,12.0,4.2,0.32799999999999996,0.115,0.625,0.623,0.303,,0.39399999999999996,,,,,0.032,,,0.271,,,
Charlie Morton,ATL,1,1,4.76,0.5,3,3,0,0,0,0,17.0,17,9,9,1,5,2,0,0,21,2,85,170,255,9,0.266,1.29,0.381,2.67,-0.09,4.8,11.12,2.65,0.29600000000000004,0.07,0.664,0.5770000000000001,0.263,,0.161,,,0.28600000000000003,,0.28600000000000003,,,0.004,,,
Aaron Nola,PHI,0,1,3.45,0.5,3,3,0,0,0,0,15.2,19,6,6,1,3,2,0,0,18,2,88,180,268,6,0.284,1.4,0.375,2.63,0.02,4.7,10.34,1.72,0.25,0.042,0.7959999999999999,0.653,0.45899999999999996,,0.063,,,0.015,,,0.231,,0.231,,,
Trevor Bauer,LAD,2,0,2.7,0.4,3,3,0,0,0,0,20.0,7,6,6,3,5,2,1,0,29,1,103,202,305,20,0.103,0.6,0.111,3.24,0.5,4.0,13.05,2.25,0.387,0.067,0.816,0.653,0.44299999999999995,,0.302,,,0.003,0.141,,0.111,,,,,
Jake Arrieta,CHC,2,1,3.18,0.4,3,3,0,0,0,0,17.0,17,6,6,1,5,1,0,0,14,1,98,159,257,7,0.258,1.29,0.314,3.32,0.14,3.4,7.41,2.65,0.19399999999999998,0.069,0.787,0.514,,,,,,0.5760000000000001,0.20199999999999999,0.195,,,0.027000000000000003,,,
Jake McGee,SFG,1,0,0.0,0.4,8,0,0,0,6,0,7.1,1,0,0,0,2,1,0,0,10,1,30,69,99,1,0.043,0.41,0.077,1.64,0.84,3.4,12.27,2.45,0.385,0.077,1.0,0.769,0.929,,,,,,0.071,,,,,,,
Aroldis Chapman,NYY,1,0,0.0,0.4,4,0,0,0,1,0,4.0,2,0,0,0,1,0,0,0,11,0,17,43,60,4,0.143,0.75,0.667,-1.61,0.38,3.3,24.75,2.25,0.733,0.067,1.0,0.667,0.55,,,0.11699999999999999,,0.083,0.25,,,,,,,
Joe Ross,WSN,1,0,0.0,0.4,2,2,0,0,0,0,11.0,6,0,0,0,3,0,0,0,9,1,53,103,156,5,0.162,0.82,0.214,2.32,0.53,3.6,7.36,2.45,0.225,0.075,1.0,0.7,0.141,,,,,0.429,0.314,,,,0.115,,,
Michael Pineda,MIN,1,0,1.0,0.4,3,3,0,0,0,0,18.0,10,3,2,2,3,0,0,0,17,2,68,176,244,11,0.156,0.72,0.178,3.2,0.71,3.8,8.5,1.5,0.254,0.045,0.98,0.731,0.5489999999999999,,,,,,0.332,,,,0.11900000000000001,,,
Michael Kopech,CHW,1,0,1.17,0.4,4,0,0,0,0,0,7.2,2,1,1,0,3,0,1,0,13,1,46,80,126,0,0.077,0.65,0.154,0.92,0.33,3.4,15.26,3.52,0.44799999999999995,0.10300000000000001,0.8,0.621,0.643,,,,,,0.262,0.087,,,0.008,,,
Walker Buehler,LAD,1,0,2.0,0.4,3,3,0,0,0,0,18.0,17,4,4,2,1,0,0,0,12,3,87,186,273,9,0.246,1.0,0.273,3.42,0.5,3.8,6.0,0.5,0.171,0.013999999999999999,0.9209999999999999,0.7140000000000001,0.601,,0.077,,,0.044000000000000004,0.10300000000000001,,0.17600000000000002,,,,,
John Means,BAL,1,0,2.16,0.4,3,3,0,0,0,0,16.2,13,4,4,2,4,0,0,0,14,5,97,181,278,7,0.213,1.02,0.244,3.74,0.41,3.7,7.56,2.16,0.215,0.062,0.915,0.708,0.514,,,,,,0.065,0.158,,,0.263,,,
Trevor Rogers,MIA,1,1,2.4,0.4,3,3,0,0,0,0,15.0,8,5,4,1,9,1,1,1,23,1,91,163,254,4,0.154,1.13,0.25,2.94,0.24,3.5,13.8,5.4,0.371,0.145,0.7829999999999999,0.5,0.622,,,,,0.004,0.22399999999999998,,,,0.15,,,
Jon Gray,COL,1,1,2.87,0.4,3,3,0,0,0,0,15.2,11,5,5,1,7,0,0,0,15,1,109,163,272,11,0.19,1.15,0.238,3.4,0.31,3.4,8.62,4.02,0.231,0.10800000000000001,0.7829999999999999,0.569,0.423,,,,,0.004,0.368,0.051,,,0.154,,,
Yu Darvish,SDP,1,0,3.06,0.4,3,3,0,0,0,0,17.2,14,6,6,3,3,0,1,0,19,4,95,182,277,13,0.212,0.96,0.25,3.71,0.37,3.5,9.68,1.53,0.275,0.043,0.8590000000000001,0.6809999999999999,0.19899999999999998,,0.33899999999999997,0.065,,0.043,0.217,0.061,0.069,,0.004,,,
Kenta Maeda,MIN,1,1,3.07,0.4,3,3,0,0,0,0,14.2,20,7,5,1,5,1,1,0,16,3,84,165,249,8,0.313,1.7,0.404,3.07,-0.05,3.6,9.82,3.07,0.22899999999999998,0.071,0.772,0.586,0.237,,,,,0.092,0.42200000000000004,0.036000000000000004,,,0.213,,,
Alex Cobb,LAA,1,0,4.63,0.4,2,2,0,0,0,0,11.2,12,6,6,1,2,1,0,0,17,0,56,138,194,6,0.261,1.2,0.393,2.11,0.13,3.6,13.11,1.54,0.34700000000000003,0.040999999999999995,0.662,0.735,,,,0.45399999999999996,,0.33,,,0.21600000000000003,,,,,
Andrew Heaney,LAA,1,1,5.65,0.4,3,3,0,0,0,0,14.1,10,9,9,1,7,0,1,0,19,1,83,159,242,10,0.2,1.19,0.3,2.86,0.06,3.4,11.93,4.4,0.33299999999999996,0.12300000000000001,0.513,0.7190000000000001,0.5870000000000001,,,,,,,0.21899999999999997,,,0.19399999999999998,,,
Julian Merryweather,TOR,0,0,0.0,0.4,4,0,0,0,2,0,4.1,1,0,0,0,1,0,0,0,7,1,16,39,55,1,0.077,0.46,0.167,0.6,1.06,3.4,14.54,2.08,0.5,0.071,1.0,0.5,0.545,,,,,,0.2,0.055,,,0.2,,,
Huascar Ynoa,ATL,0,0,0.75,0.4,3,2,0,0,0,0,12.0,6,1,1,1,2,0,0,0,15,0,57,107,164,2,0.146,0.67,0.2,2.23,0.61,3.5,11.25,1.5,0.349,0.047,1.0,0.512,0.37200000000000005,,,,,0.134,0.451,,,,0.043,,,
Mark Melancon,SDP,0,0,1.13,0.4,7,0,0,0,5,0,8.0,3,1,1,0,0,0,0,0,6,1,36,70,106,1,0.111,0.38,0.143,1.64,0.54,3.6,6.75,0.0,0.222,0.0,0.667,0.7040000000000001,0.009000000000000001,,0.613,,,,,,0.377,,,,,
Taijuan Walker,NYM,0,0,2.61,0.4,2,2,0,0,0,0,10.1,7,3,3,0,5,0,0,0,12,1,66,101,167,3,0.194,1.16,0.292,2.27,0.0,3.3,10.45,4.35,0.293,0.122,0.75,0.537,0.287,,,0.126,,0.275,0.24600000000000002,0.066,,,,,,
Tanner Houck,BOS,0,1,3.0,0.4,2,1,0,0,0,0,6.0,7,4,2,0,1,0,1,0,10,0,35,65,100,3,0.28,1.33,0.467,0.31,-0.1,3.3,15.0,1.5,0.385,0.038,0.5,0.654,0.37,,,0.03,,0.18,0.42,,,,,,,
Kevin Gausman,SFG,0,0,3.2,0.4,3,3,0,0,0,0,19.2,11,7,7,2,5,0,1,0,18,1,92,184,276,13,0.159,0.81,0.184,3.4,0.38,3.5,8.24,2.29,0.243,0.068,0.682,0.635,0.565,,,0.28600000000000003,,,0.091,,,,0.057999999999999996,,,
Ryan Yarbrough,TBR,0,2,6.48,0.4,3,3,0,0,0,0,16.2,23,15,12,1,2,1,0,1,11,1,83,164,247,4,0.319,1.5,0.367,3.14,-0.42,3.3,5.94,1.08,0.147,0.027000000000000003,0.447,0.507,,,0.425,,,0.158,,0.17800000000000002,,,0.239,,,
Danny Duffy,KCR,2,0,0.75,0.3,2,2,0,0,0,0,12.0,10,1,1,1,4,0,0,0,11,2,70,127,197,6,0.222,1.17,0.273,3.39,0.63,2.5,8.25,3.0,0.22399999999999998,0.08199999999999999,1.0,0.653,0.457,,,,,0.081,0.223,0.086,,,0.152,,,
Cesar Valdez,BAL,2,0,1.23,0.3,6,0,0,0,3,1,7.1,7,2,1,0,1,1,0,0,7,0,40,76,116,3,0.233,1.09,0.304,2.05,0.34,2.7,8.59,1.23,0.21899999999999997,0.031,0.778,0.469,0.043,,,,,0.121,0.009000000000000001,,,,0.828,,,
JT Brubaker,PIT,2,0,1.76,0.3,3,3,0,0,0,0,15.1,11,3,3,1,5,5,0,1,18,0,89,150,239,11,0.196,1.04,0.27,3.6,0.49,2.5,10.57,2.93,0.273,0.076,0.9179999999999999,0.5760000000000001,0.247,,,,,0.255,0.335,0.092,,,0.071,,,
Kyle Gibson,TEX,2,0,4.05,0.3,3,3,0,0,0,0,13.1,14,7,6,0,6,1,0,0,12,0,77,123,200,15,0.269,1.5,0.35,2.92,0.03,2.9,8.1,4.05,0.203,0.102,0.667,0.61,0.11,,0.18,,,0.375,0.22,0.05,,,0.065,,,
Casey Mize,DET,1,0,0.82,0.3,2,2,0,0,0,0,11.0,9,1,1,0,4,1,1,0,9,1,59,112,171,7,0.22,1.18,0.281,2.87,0.31,2.8,7.36,3.27,0.196,0.087,0.929,0.5870000000000001,0.31,,,0.24600000000000002,,0.14,0.251,,0.053,,,,,
Dane Dunning,TEX,1,0,1.0,0.3,2,2,0,0,0,0,9.0,5,1,1,1,2,0,2,0,11,2,46,95,141,5,0.156,0.78,0.2,2.81,0.34,2.5,11.0,2.0,0.324,0.059000000000000004,1.0,0.588,,,0.043,,,0.66,0.20600000000000002,,0.021,,0.071,,,
Keone Kela,SDP,1,0,1.35,0.3,7,0,0,0,0,1,6.2,5,3,1,0,2,0,2,0,10,1,40,82,122,4,0.192,1.05,0.313,1.04,-0.19,2.5,13.5,2.7,0.35700000000000004,0.071,0.5710000000000001,0.607,0.467,,,,,,,0.525,,,0.008,,,
Taylor Widener,ARI,1,0,1.59,0.3,3,3,0,0,0,0,17.0,14,4,3,1,5,1,1,0,11,0,90,168,258,3,0.219,1.12,0.25,3.67,0.48,2.7,5.82,2.65,0.157,0.071,0.86,0.5429999999999999,0.636,,,,,,0.147,,,,0.217,,,
Cristian Javier,HOU,1,0,2.08,0.3,2,2,0,0,0,0,8.2,6,2,2,0,2,1,0,0,11,0,58,103,161,7,0.188,0.92,0.286,1.64,0.31,3.1,11.42,2.08,0.314,0.057,0.778,0.457,0.596,,,,,,0.242,,0.14300000000000002,,0.019,,,
Tyler Mahle,CIN,1,1,2.57,0.3,3,3,0,0,0,0,14.0,7,5,4,2,7,0,0,0,22,1,97,168,265,12,0.143,1.0,0.2,3.36,0.23,3.1,14.14,4.5,0.39299999999999996,0.125,0.804,0.607,0.596,,,0.098,,,0.306,,,,,,,
Corey Knebel,LAD,1,0,3.0,0.3,7,0,0,0,2,1,6.0,3,2,2,0,2,0,0,0,9,0,27,57,84,3,0.143,0.83,0.25,1.14,0.22,2.9,13.5,3.0,0.391,0.087,0.6,0.565,0.512,,,,,,,,0.488,,,,,
Zach Eflin,PHI,1,0,3.15,0.3,3,3,0,0,0,0,20.0,17,7,7,3,2,0,1,0,16,1,80,181,261,13,0.23,0.95,0.255,3.79,0.23,3.3,7.2,0.9,0.21100000000000002,0.026000000000000002,0.8109999999999999,0.75,0.149,,,,,0.387,0.24100000000000002,0.10300000000000001,,,0.11900000000000001,,,
Chris Paddack,SDP,1,1,4.15,0.3,3,3,0,0,0,0,13.0,13,9,6,0,6,0,0,0,10,0,100,159,259,11,0.245,1.46,0.302,2.99,-0.24,3.0,6.92,4.15,0.16899999999999998,0.102,0.526,0.5760000000000001,0.653,,,,,,,0.042,,,0.305,,,
Zach Plesac,CLE,1,2,5.27,0.3,3,3,0,0,0,0,13.2,16,8,8,1,2,0,0,0,10,2,72,145,217,5,0.286,1.32,0.333,3.07,0.07,3.3,6.59,1.32,0.172,0.034,0.602,0.672,0.43799999999999994,,,,,,0.253,0.08800000000000001,,,0.221,,,
Tyler Matzek,ATL,0,1,0.0,0.3,7,0,0,0,0,0,6.2,3,1,0,0,3,0,1,0,11,0,44,80,124,3,0.13,0.9,0.25,1.19,0.23,2.8,14.85,4.05,0.423,0.115,0.833,0.423,0.75,,,,,,0.129,0.121,,,,,,
Drew Pomeranz,SDP,0,0,0.0,0.3,5,0,0,0,0,0,4.2,4,0,0,0,0,0,0,0,8,0,26,60,86,3,0.222,0.86,0.4,-0.29,0.19,2.7,15.43,0.0,0.444,0.0,1.0,0.667,0.7909999999999999,,,,,,,,0.209,,,,,
Taylor Rogers,MIN,0,1,0.0,0.3,5,0,0,0,0,1,5.1,4,1,0,0,1,0,0,0,6,0,15,59,74,1,0.211,0.94,0.308,1.45,0.14,2.5,10.13,1.69,0.3,0.05,0.8,0.75,,,,,,0.446,0.5539999999999999,,,,,,,
James Karinchak,CLE,0,0,0.0,0.3,6,0,0,0,1,1,5.0,2,0,0,0,2,0,0,0,8,1,33,56,89,4,0.118,0.8,0.222,1.14,0.38,2.6,14.4,3.6,0.42100000000000004,0.105,1.0,0.632,0.7190000000000001,,,,,,,0.281,,,,,,
Garrett Whitlock,BOS,0,0,0.0,0.3,3,0,0,0,0,0,6.1,3,0,0,0,0,0,2,0,9,1,28,61,89,7,0.136,0.47,0.231,0.3,0.17,2.4,12.79,0.0,0.409,0.0,1.0,0.591,0.011000000000000001,,,,,0.629,0.045,,,,0.315,,,
Max Scherzer,WSN,0,1,2.37,0.3,3,3,0,0,0,0,19.0,10,5,5,4,3,0,0,0,24,2,105,182,287,4,0.152,0.68,0.158,3.83,0.5,3.3,11.37,1.42,0.348,0.043,1.0,0.551,0.495,,0.125,,,,0.139,0.073,,,0.16699999999999998,,,
Dylan Bundy,LAA,0,1,3.32,0.3,3,3,0,0,0,0,19.0,15,8,7,3,5,0,1,0,22,0,88,196,284,6,0.208,1.05,0.255,3.67,0.08,2.6,10.42,2.37,0.28600000000000003,0.065,0.759,0.649,0.33799999999999997,,,,,0.08800000000000001,0.254,0.18,,,0.141,,,
Tanner Scott,BAL,0,2,3.38,0.3,5,0,0,0,0,0,5.1,4,3,2,0,3,0,0,0,9,1,48,67,115,2,0.2,1.31,0.364,1.45,-0.31,2.5,15.19,5.06,0.391,0.13,0.5710000000000001,0.391,0.513,,,,,0.061,0.426,,,,,,,
Nick Nelson,NYY,0,2,10.8,0.3,4,1,0,0,0,0,5.0,7,7,6,0,3,1,1,0,10,0,37,66,103,0,0.318,2.0,0.583,1.54,-0.43,2.5,18.0,5.4,0.385,0.115,0.364,0.5,0.485,,,,,,0.126,0.019,,,0.369,,,
Connor Brogdon,PHI,3,0,0.0,0.2,6,0,0,0,0,0,6.2,3,0,0,0,2,1,0,0,7,0,31,62,93,11,0.143,0.75,0.214,2.39,0.6,1.6,9.45,2.7,0.292,0.083,1.0,0.708,0.613,,0.10800000000000001,,,0.011000000000000001,,,,,0.26899999999999996,,,
Aaron Civale,CLE,3,0,2.18,0.2,3,3,0,0,0,0,20.2,10,5,5,3,5,1,0,0,16,1,108,172,280,20,0.149,0.73,0.146,4.35,0.5,1.7,6.97,2.18,0.21899999999999997,0.068,0.932,0.616,0.29600000000000004,,0.2,,,0.046,0.114,0.161,,,0.182,,,
Junior Guerra,LAA,2,0,0.0,0.2,4,0,0,0,0,0,7.0,2,0,0,0,2,0,2,0,6,1,38,67,105,8,0.083,0.57,0.111,2.28,0.4,1.7,7.71,2.57,0.231,0.077,1.0,0.5,0.295,,,0.276,,0.248,,0.18100000000000002,,,,,,
Josh Hader,MIL,2,0,0.0,0.2,3,0,0,0,1,0,2.2,0,0,0,0,1,0,2,0,6,0,11,24,35,4,0.0,0.38,0.0,-0.23,0.48,1.9,20.25,3.38,0.667,0.111,1.0,0.556,0.6859999999999999,,,,,,0.314,,,,,,,
Anthony Misiewicz,SEA,2,0,0.0,0.2,5,0,0,0,0,0,4.2,5,0,0,0,0,0,0,0,4,1,21,44,65,3,0.278,1.07,0.357,1.43,0.47,1.8,7.71,0.0,0.222,0.0,1.0,0.5,0.10800000000000001,,0.6920000000000001,,,,,0.2,,,,,,
Marcus Stroman,NYM,2,0,0.73,0.2,3,3,0,0,0,0,12.1,8,1,1,1,2,1,1,0,6,1,62,118,180,10,0.186,0.81,0.194,3.95,0.57,1.7,4.38,1.46,0.13,0.043,1.0,0.609,0.111,,0.158,0.057999999999999996,,0.42700000000000005,0.24600000000000002,,,,,,,
Steven Matz,TOR,2,0,1.46,0.2,2,2,0,0,0,0,12.1,7,2,2,1,4,1,0,0,13,0,65,116,181,20,0.167,0.89,0.214,3.3,0.35,2.0,9.49,2.92,0.27699999999999997,0.085,0.943,0.511,,,,,,0.503,0.099,0.133,,,0.265,,,
Jose Alvarado,PHI,2,0,1.59,0.2,6,0,0,0,1,0,5.2,4,1,1,0,2,2,0,0,10,0,38,60,98,2,0.182,1.06,0.333,1.73,0.4,2.3,15.88,3.18,0.385,0.077,0.875,0.5770000000000001,0.051,,0.163,,,0.755,,0.031,,,,,,
Giovanny Gallegos,STL,2,0,2.25,0.2,6,0,0,0,0,0,8.0,3,2,2,1,1,0,1,0,11,1,38,72,110,3,0.111,0.5,0.133,2.39,0.26,1.9,12.38,1.13,0.39299999999999996,0.036000000000000004,0.769,0.5710000000000001,0.518,,,,,,0.382,,,,0.1,,,
Jeff Hoffman,CIN,2,1,2.93,0.2,3,3,0,0,0,0,15.1,16,5,5,2,6,0,1,0,12,1,88,162,250,16,0.276,1.43,0.318,4.45,0.26,1.6,7.04,3.52,0.188,0.094,0.885,0.6409999999999999,0.5760000000000001,,,,,,0.16,0.124,,,0.14,,,
Julio Urias,LAD,2,0,3.86,0.2,3,3,0,0,0,0,18.2,19,9,8,3,3,0,0,0,15,2,60,204,264,13,0.257,1.18,0.286,4.11,-0.04,2.3,7.23,1.45,0.195,0.039,0.73,0.805,0.527,,,,,0.004,0.008,0.242,,,0.22,,,
Josh Tomlin,ATL,2,0,3.86,0.2,6,0,0,0,0,0,7.0,9,3,3,0,1,0,0,0,5,0,44,75,119,1,0.31,1.43,0.375,2.14,0.28,2.2,6.43,1.29,0.16699999999999998,0.033,0.7,0.6,0.134,,0.597,,,,,0.26899999999999996,,,,,,
Frankie Montas,OAK,2,1,4.91,0.2,3,3,0,0,0,0,14.2,15,8,8,2,5,1,1,0,16,1,99,191,290,8,0.259,1.36,0.325,3.96,0.22,1.7,9.82,3.07,0.25,0.078,0.7140000000000001,0.563,0.179,,,0.159,,0.493,0.16899999999999998,,,,,,,
Kendall Graveman,SEA,1,0,0.0,0.2,5,0,0,0,2,0,6.0,1,0,0,0,2,1,0,0,6,1,28,57,85,2,0.056,0.5,0.083,2.64,0.57,1.7,9.0,3.0,0.28600000000000003,0.095,1.0,0.7140000000000001,0.035,,,,,0.5760000000000001,0.188,,,,0.2,,,
Emmanuel Clase,CLE,1,1,0.0,0.2,6,0,0,0,3,0,5.1,3,2,0,0,2,0,0,0,7,0,34,56,90,2,0.15,0.94,0.231,1.64,-0.12,1.5,11.81,3.38,0.318,0.091,0.6,0.591,0.044000000000000004,,0.7559999999999999,,,,0.2,,,,,,,
Jonathan Loaisiga,NYY,1,0,1.13,0.2,5,0,0,0,0,0,8.0,5,1,1,0,1,1,1,0,8,0,36,77,113,3,0.172,0.75,0.238,1.89,0.32,2.1,9.0,1.13,0.258,0.032,0.857,0.613,0.168,,,,,0.41600000000000004,,0.18600000000000003,,,0.23,,,
Sean Newcomb,ATL,1,0,1.69,0.2,5,0,0,0,1,0,5.1,2,1,1,0,4,1,1,0,12,0,48,73,121,5,0.118,1.13,0.4,1.45,0.28,1.6,20.25,6.75,0.545,0.182,0.857,0.591,0.7020000000000001,,0.149,,,,,0.11599999999999999,,,0.033,,,
Kohei Arihara,TEX,1,1,3.07,0.2,3,3,0,0,0,0,14.2,14,6,5,1,1,1,1,0,7,0,89,142,231,5,0.255,1.02,0.277,3.48,0.22,2.2,4.3,0.61,0.12300000000000001,0.018000000000000002,0.685,0.42100000000000004,0.307,,0.139,0.055999999999999994,,0.126,0.19899999999999998,0.026000000000000002,,,0.147,,,
Riley Smith,ARI,1,0,3.27,0.2,2,1,0,0,0,0,11.0,13,5,4,0,4,0,0,0,6,1,59,113,172,7,0.289,1.55,0.333,3.14,0.01,1.8,4.91,3.27,0.122,0.08199999999999999,0.706,0.633,,,,,,0.552,0.14,0.11599999999999999,,,0.192,,,
Aaron Slegers,LAA,1,0,4.26,0.2,7,0,0,0,0,1,6.1,12,3,3,0,0,0,1,0,6,0,32,72,104,3,0.414,1.89,0.522,1.25,-0.2,2.3,8.53,0.0,0.207,0.0,0.75,0.69,0.154,,,,,0.298,0.423,,,,0.125,,,
Chris Flexen,SEA,1,0,4.5,0.2,2,2,0,0,0,0,10.0,12,6,5,1,4,0,0,0,11,1,69,109,178,7,0.286,1.6,0.367,3.44,0.02,1.9,9.9,3.6,0.239,0.087,0.685,0.652,0.36,,0.298,,,,,0.146,,,0.19699999999999998,,,
Trevor May,NYM,1,1,5.4,0.2,4,0,0,0,0,0,3.1,6,4,2,0,2,0,2,0,6,1,32,58,90,4,0.375,2.4,0.6,1.34,-0.46,1.5,16.2,5.4,0.33299999999999996,0.111,0.5,0.556,0.5670000000000001,,,,,0.022000000000000002,0.256,,,,0.156,,,
A.J. Minter,ATL,1,0,6.43,0.2,8,0,0,0,0,2,7.0,6,5,5,0,5,1,0,0,9,1,41,81,122,3,0.231,1.57,0.353,3.14,-0.44,1.5,11.57,6.43,0.281,0.156,0.583,0.7190000000000001,0.402,,0.44299999999999995,,,,,,,,0.156,,,
Trevor Williams,CHC,1,1,6.75,0.2,2,2,0,0,0,0,9.1,12,7,7,0,4,2,0,0,9,0,55,105,160,5,0.308,1.71,0.4,3.14,-0.16,1.9,8.68,3.86,0.2,0.08900000000000001,0.611,0.711,0.4,,,,,0.163,0.163,0.16899999999999998,,,0.106,,,
Ross Detwiler,MIA,0,0,0.0,0.2,5,0,0,0,0,0,4.2,2,0,0,0,1,1,0,0,8,1,22,50,72,7,0.125,0.64,0.25,1.0,0.02,1.5,15.43,1.93,0.444,0.055999999999999994,1.0,0.444,0.25,,0.40299999999999997,,,0.139,,0.09699999999999999,,,0.111,,,
Darren O'Day,NYY,0,0,0.0,0.2,6,0,0,0,0,0,5.1,5,0,0,0,1,0,0,0,6,0,27,69,96,0,0.238,1.13,0.333,1.45,0.46,2.0,10.13,1.69,0.273,0.045,1.0,0.545,0.44799999999999995,,,,,0.052000000000000005,0.5,,,,,,,
Tejay Antone,CIN,0,0,0.0,0.2,3,0,0,0,0,0,6.2,2,0,0,0,2,1,1,0,9,0,44,69,113,7,0.095,0.6,0.167,1.79,0.28,1.7,12.15,2.7,0.375,0.083,1.0,0.667,,,,,,0.39799999999999996,0.301,0.301,,,,,,
Jeffrey Springs,TBR,0,0,0.0,0.2,5,0,0,0,0,1,4.2,5,1,0,0,0,0,1,0,6,0,21,52,73,2,0.263,1.07,0.385,0.57,-0.05,2.3,11.57,0.0,0.316,0.0,0.8,0.737,,,,,,0.35600000000000004,0.397,,,,0.247,,,
Chad Green,NYY,0,2,1.17,0.2,6,0,0,0,1,0,7.2,3,3,1,1,1,0,0,0,6,3,41,63,104,5,0.12,0.52,0.111,3.66,-0.05,1.6,7.04,1.17,0.231,0.038,0.385,0.5379999999999999,0.5870000000000001,,,,,0.028999999999999998,,0.385,,,,,,
Diego Castillo,TBR,0,0,1.35,0.2,6,0,0,0,3,1,6.2,4,1,1,1,2,0,0,0,9,1,33,70,103,0,0.174,0.9,0.231,3.29,0.58,1.5,12.15,2.7,0.36,0.08,1.0,0.76,,,,,,0.34,0.66,,,,,,,
Yoan Lopez,ARI,0,0,1.5,0.2,6,0,0,0,0,1,6.0,5,2,1,0,4,0,0,0,8,1,37,56,93,3,0.217,1.5,0.333,2.48,0.0,1.5,12.0,6.0,0.29600000000000004,0.14800000000000002,0.778,0.593,0.452,,,,,,0.5479999999999999,,,,,,,
John King,TEX,0,0,1.5,0.2,5,0,0,0,0,1,6.0,9,4,1,0,1,0,0,0,6,0,25,65,90,4,0.346,1.67,0.45,1.64,-0.16,1.7,9.0,1.5,0.222,0.037000000000000005,0.6,0.667,0.044000000000000004,,0.033,,,0.5670000000000001,0.17800000000000002,,,,0.17800000000000002,,,
Paul Fry,BAL,0,0,1.59,0.2,7,0,0,0,1,1,5.2,6,1,1,0,2,0,0,0,7,0,30,61,91,3,0.273,1.41,0.4,1.73,0.35,1.9,11.12,3.18,0.292,0.083,0.875,0.5,0.659,,,,,,0.33,,,,0.011000000000000001,,,
Garrett Crochet,CHW,0,2,1.69,0.2,5,0,0,0,0,0,5.1,5,4,1,0,2,0,1,0,6,1,27,52,79,2,0.217,1.31,0.294,2.02,-0.22,2.2,10.13,3.38,0.24,0.08,0.429,0.68,0.7090000000000001,,,,,,0.165,,,,0.127,,,
Kenley Jansen,LAD,0,0,2.57,0.2,6,0,0,0,3,1,7.0,2,2,2,0,6,0,1,0,8,2,49,68,117,1,0.087,1.14,0.133,3.43,0.08,1.8,10.29,7.71,0.276,0.207,0.75,0.483,,,0.581,,,0.35,0.068,,,,,,,
Aaron Sanchez,SFG,0,1,2.7,0.2,2,2,0,0,0,0,10.0,9,3,3,1,1,1,0,0,7,1,50,90,140,1,0.237,1.0,0.267,3.64,0.12,1.6,6.3,0.9,0.175,0.025,0.833,0.525,0.171,,,,,0.35700000000000004,,0.32899999999999996,,,0.14300000000000002,,,
Dylan Floro,MIA,0,1,2.7,0.2,8,0,0,0,0,1,6.2,4,3,2,0,3,0,0,0,9,0,34,76,110,3,0.16,1.05,0.25,1.79,-0.34,2.2,12.15,4.05,0.321,0.107,0.5710000000000001,0.679,0.245,,,,,0.355,0.145,,,,0.255,,,
Matt Andriese,BOS,0,0,2.7,0.2,5,0,0,0,1,0,6.2,8,3,2,0,3,0,0,0,7,0,44,75,119,2,0.286,1.65,0.381,2.39,0.08,1.6,9.45,4.05,0.226,0.09699999999999999,0.727,0.452,0.42,,0.092,,,,,0.14300000000000002,,,0.345,,,
Rex Brothers,CHC,0,0,2.84,0.2,6,0,0,0,0,0,6.1,4,2,2,0,2,0,0,0,9,0,38,63,101,1,0.182,0.95,0.308,1.25,0.23,2.1,12.79,2.84,0.375,0.083,0.667,0.5,0.6629999999999999,,,,,,0.337,,,,,,,
Duane Underwood Jr.,PIT,0,0,2.89,0.2,6,0,0,0,0,0,9.1,7,3,3,0,4,1,0,0,13,1,55,99,154,5,0.206,1.18,0.333,1.96,0.07,2.0,12.54,3.86,0.33299999999999996,0.10300000000000001,0.75,0.718,0.305,,,,,0.10400000000000001,0.032,0.24,,,0.318,,,
John Gant,STL,0,1,3.0,0.2,2,2,0,0,0,0,9.0,10,4,3,0,6,1,0,0,8,1,71,96,167,1,0.286,1.78,0.37,3.7,-0.12,1.5,8.0,6.0,0.19,0.14300000000000002,0.765,0.524,0.024,,,,,0.491,0.09,0.078,,,0.317,,,
Scott Barlow,KCR,0,0,3.24,0.2,6,0,0,0,1,0,8.1,8,3,3,0,4,0,0,0,10,1,53,92,145,3,0.242,1.44,0.348,2.18,0.32,2.4,10.8,4.32,0.27,0.10800000000000001,0.75,0.649,0.345,,,,,0.055,0.42100000000000004,0.179,,,,,,
Nabil Crismatt,SDP,0,1,3.38,0.2,3,0,0,0,0,0,8.0,10,4,3,0,3,1,1,0,9,1,46,80,126,1,0.303,1.63,0.417,2.39,-0.15,1.6,10.13,3.38,0.243,0.081,0.7140000000000001,0.45899999999999996,0.127,,,,,0.175,,0.24600000000000002,,,0.452,,,
Will Smith,ATL,0,2,3.86,0.2,8,0,0,0,3,0,7.0,4,3,3,0,5,1,0,0,12,0,58,78,136,0,0.167,1.29,0.333,2.28,0.03,2.3,15.43,6.43,0.4,0.16699999999999998,0.7,0.667,0.449,,,,,,0.478,0.07400000000000001,,,,,,
Miguel Castro,NYM,0,0,3.86,0.2,4,0,0,0,0,0,4.2,6,2,2,0,1,0,1,0,6,0,27,50,77,0,0.316,1.5,0.462,1.21,0.13,2.1,11.57,1.93,0.3,0.05,0.7140000000000001,0.75,,,,,,0.429,0.20800000000000002,,,,0.364,,,
Jake Diekman,OAK,0,0,4.26,0.2,6,0,0,0,0,0,6.1,7,4,3,0,2,0,0,0,8,0,34,66,100,5,0.28,1.42,0.412,1.56,0.13,1.7,11.37,2.84,0.29600000000000004,0.07400000000000001,0.556,0.593,0.6,,,,,0.1,0.28,,,,0.02,,,
Blake Snell,SDP,0,0,4.35,0.2,3,3,0,0,0,0,10.1,9,5,5,1,8,1,0,0,17,0,83,128,211,6,0.214,1.65,0.333,3.72,-0.16,1.6,14.81,6.97,0.33299999999999996,0.157,0.7829999999999999,0.529,0.431,,,,,,0.23199999999999998,0.11800000000000001,,,0.218,,,
Martin Perez,BOS,0,0,4.5,0.2,2,2,0,0,0,0,10.0,9,5,5,0,5,3,0,0,8,3,78,102,180,3,0.231,1.4,0.29,3.94,0.06,1.7,7.2,4.5,0.17,0.106,0.706,0.638,0.078,,0.36700000000000005,,,0.183,,0.133,,,0.239,,,
Matt Harvey,BAL,0,1,5.02,0.2,3,3,0,0,0,0,14.1,16,8,8,2,3,1,0,0,12,2,97,162,259,8,0.267,1.33,0.304,4.12,-0.06,2.2,7.53,1.88,0.188,0.047,0.698,0.594,0.595,,,,,,0.205,0.1,,,0.1,,,
Jose Urena,DET,0,3,5.52,0.2,3,3,0,0,0,0,14.2,14,10,9,1,11,0,1,0,17,1,112,150,262,1,0.25,1.7,0.342,3.96,-0.29,2.1,10.43,6.75,0.254,0.16399999999999998,0.636,0.522,0.191,,,,,0.45799999999999996,0.263,,,,0.08800000000000001,,,
Chris Archer,TBR,0,1,6.23,0.2,2,1,0,0,0,0,4.1,7,4,3,0,1,0,0,0,6,1,33,61,94,3,0.35,1.85,0.5,1.07,-0.23,1.9,12.46,2.08,0.28600000000000003,0.048,0.5,0.7140000000000001,0.40399999999999997,,,,,,0.46799999999999997,,,,0.128,,,
Brady Singer,KCR,0,2,6.48,0.2,2,2,0,0,0,0,8.1,12,10,6,1,3,1,0,0,11,1,52,108,160,0,0.333,1.8,0.458,3.5,-0.44,1.6,11.88,3.24,0.275,0.075,0.41100000000000003,0.675,0.006,,,,,0.575,0.344,,,,0.075,,,
Emilio Pagan,SDP,2,0,0.0,0.1,7,0,0,0,0,0,6.0,3,0,0,0,3,0,0,0,6,0,44,75,119,3,0.15,1.0,0.214,2.64,0.45,1.2,9.0,4.5,0.261,0.13,1.0,0.348,0.563,,0.43700000000000006,,,,,,,,,,,
Nick Pivetta,BOS,2,0,3.27,0.1,2,2,0,0,0,0,11.0,9,4,4,1,7,0,1,0,11,2,76,117,193,15,0.231,1.45,0.296,4.23,0.4,1.3,9.0,5.73,0.239,0.152,0.8220000000000001,0.652,0.513,,,,,,0.332,,0.15,,0.005,,,
Eduardo Rodriguez,BOS,2,0,3.6,0.1,2,2,0,0,0,0,10.0,9,4,4,2,1,0,0,0,12,0,48,107,155,10,0.231,1.0,0.28,3.64,0.05,1.4,10.8,0.9,0.3,0.025,0.833,0.675,0.18100000000000002,,0.252,,,0.168,0.10300000000000001,,,,0.297,,,
Jack Flaherty,STL,2,0,4.11,0.1,3,3,0,0,0,0,15.1,10,7,7,2,6,2,1,0,16,1,119,172,291,27,0.182,1.04,0.216,4.32,0.32,1.5,9.39,3.52,0.254,0.095,0.7240000000000001,0.47600000000000003,0.5329999999999999,,,,,0.040999999999999995,0.289,0.12,,,0.017,,,
Ryan Pressly,HOU,1,0,0.0,0.1,5,0,0,0,0,0,5.0,6,0,0,0,1,0,0,0,5,0,24,53,77,3,0.3,1.4,0.4,1.74,0.05,1.3,9.0,1.8,0.23800000000000002,0.048,1.0,0.619,0.506,,,,,,0.364,0.13,,,,,,
Brad Hand,WSN,1,0,0.0,0.1,4,0,0,0,1,0,4.0,2,0,0,0,1,2,0,0,5,0,25,44,69,1,0.143,0.75,0.222,2.89,0.18,0.6,11.25,2.25,0.294,0.059000000000000004,1.0,0.647,0.46399999999999997,,,,,0.10099999999999999,0.435,,,,,,,
Matt Peacock,ARI,1,0,0.0,0.1,3,0,0,0,0,0,5.1,2,2,0,0,2,0,0,0,3,0,26,37,63,4,0.111,0.75,0.133,3.14,0.44,0.6,5.06,3.38,0.15,0.1,0.5,0.45,,,,,,0.841,0.127,,,,0.032,,,
Ryan Weathers,SDP,1,0,0.93,0.1,4,1,0,0,1,0,9.2,3,1,1,1,4,0,0,0,10,2,64,95,159,4,0.1,0.72,0.105,3.66,0.2,1.3,9.31,3.72,0.294,0.11800000000000001,1.0,0.529,0.623,,,,,0.031,0.29600000000000004,,,,0.05,,,
Yimi Garcia,MIA,1,1,1.08,0.1,8,0,0,0,3,0,8.1,3,1,1,1,3,0,0,0,8,1,42,85,127,3,0.111,0.72,0.111,3.86,0.87,0.6,8.64,3.24,0.267,0.1,1.0,0.633,0.465,,,,,,0.307,0.17300000000000001,,,0.055,,,
Mike Mayers,LAA,1,0,1.13,0.1,7,0,0,0,1,0,8.0,5,1,1,1,3,0,0,0,8,1,51,89,140,11,0.172,1.0,0.2,3.89,0.65,0.5,9.0,3.38,0.25,0.094,1.0,0.531,0.207,,0.536,,,,0.257,,,,,,,
Codi Heuer,CHW,1,0,1.35,0.1,5,0,0,0,0,0,6.2,7,1,1,1,1,0,0,0,8,1,27,62,89,7,0.28,1.2,0.375,3.14,0.47,1.1,10.8,1.35,0.308,0.038,1.0,0.423,0.022000000000000002,,,,,0.584,0.258,,,,0.135,,,
Adam Plutko,BAL,1,0,1.93,0.1,5,0,0,0,0,0,9.1,6,2,2,1,2,0,0,0,6,2,51,81,132,1,0.182,0.86,0.192,3.89,0.12,1.1,5.79,1.93,0.171,0.057,0.909,0.457,0.462,,0.33299999999999996,,,,0.068,0.136,,,,,,
Brandon Bielak,HOU,1,0,2.25,0.1,3,0,0,0,0,0,8.0,3,2,2,0,3,0,1,0,7,0,40,70,110,10,0.111,0.75,0.15,2.52,0.02,1.0,7.88,3.38,0.233,0.1,0.667,0.433,0.373,,0.11800000000000001,,,0.127,0.136,0.073,,,0.17300000000000001,,,
Michael Fulmer,DET,1,0,3.0,0.1,4,1,0,0,0,0,12.0,7,4,4,3,1,0,0,0,12,3,76,124,200,10,0.163,0.67,0.143,4.64,0.28,0.7,9.0,0.75,0.273,0.023,1.0,0.523,0.2,,,,,0.225,0.35,0.055,,,0.17,,,
Jordan Montgomery,NYY,1,0,3.27,0.1,2,2,0,0,0,0,11.0,9,4,4,2,2,2,0,0,11,0,52,103,155,10,0.22,1.0,0.25,4.6,0.04,0.7,9.0,1.64,0.244,0.044000000000000004,0.882,0.511,0.10300000000000001,,0.19399999999999998,,,0.245,,0.2,,,0.258,,,
Chi Chi Gonzalez,COL,1,0,3.6,0.1,3,1,0,0,0,0,10.0,9,4,4,0,6,0,1,0,5,0,58,105,163,7,0.25,1.5,0.29,3.94,0.02,1.0,4.5,5.4,0.11900000000000001,0.14300000000000002,0.733,0.619,0.564,,0.215,,,0.018000000000000002,0.098,0.018000000000000002,,,0.086,,,
Tyler Anderson,PIT,1,2,4.02,0.1,3,3,0,0,0,0,15.2,19,7,7,3,4,0,0,0,14,1,80,175,255,5,0.302,1.47,0.348,4.61,-0.08,1.0,8.04,2.3,0.209,0.06,0.851,0.642,0.341,,0.349,,,0.078,,0.012,,,0.22,,,
Matt Shoemaker,MIN,1,0,4.09,0.1,2,2,0,0,0,0,11.0,10,5,5,3,1,1,1,0,12,3,59,124,183,21,0.227,1.0,0.241,5.05,0.17,0.6,9.82,0.82,0.261,0.022000000000000002,0.897,0.652,0.262,,,0.284,,0.18,0.257,,0.016,,,,,
Sean Manaea,OAK,1,1,4.32,0.1,3,3,0,0,0,0,16.2,17,8,8,3,4,0,0,0,15,2,93,187,280,9,0.262,1.26,0.298,4.4,-0.01,1.3,8.1,2.16,0.217,0.057999999999999996,0.774,0.536,,,,,,0.575,,0.171,,,0.254,,,
Mike Minor,KCR,1,0,4.5,0.1,2,2,0,0,0,0,10.0,8,5,5,1,5,1,0,0,9,2,66,112,178,11,0.211,1.3,0.25,4.44,-0.04,1.0,8.1,4.5,0.205,0.114,0.7140000000000001,0.682,0.38799999999999996,,,,,,0.315,,0.157,,0.14,,,
Rafael Dolis,TOR,1,0,4.5,0.1,7,0,0,0,0,0,6.0,2,3,3,0,5,1,0,0,8,1,43,62,105,1,0.105,1.17,0.182,3.48,-0.06,0.7,12.0,7.5,0.32,0.2,0.625,0.52,0.01,,,0.14300000000000002,,0.6,0.248,,,,,,,
Edwin Diaz,NYM,1,0,4.91,0.1,4,0,0,0,0,0,3.2,3,2,2,0,2,0,0,0,4,0,20,37,57,2,0.214,1.36,0.3,2.6,0.05,0.6,9.82,4.91,0.25,0.125,0.6,0.563,0.649,,,,,,0.35100000000000003,,,,,,,
Logan Allen,CLE,1,2,5.25,0.1,3,3,0,0,0,0,12.0,10,8,7,1,5,2,1,0,10,0,88,131,219,3,0.222,1.25,0.265,4.31,-0.08,0.9,7.5,3.75,0.192,0.096,0.5770000000000001,0.519,0.47,,,,,,0.27899999999999997,0.046,,,0.205,,,
Lance McCullers Jr.,HOU,1,1,5.27,0.1,3,3,0,0,0,0,13.2,8,8,8,1,9,3,1,0,16,0,120,150,270,6,0.167,1.24,0.226,4.39,0.1,0.7,10.54,5.93,0.267,0.15,0.645,0.483,,,0.015,,,0.304,0.285,,0.289,,0.107,,,
Alex Colome,MIN,1,1,5.68,0.1,6,0,0,0,2,2,6.1,10,7,4,1,0,1,0,0,7,0,40,76,116,2,0.345,1.58,0.429,3.46,-0.79,0.7,9.95,0.0,0.233,0.0,0.41700000000000004,0.5,0.276,,0.7240000000000001,,,,,,,,,,,
Drew Steckenrider,SEA,1,1,6.35,0.1,5,0,0,0,0,0,5.2,8,4,4,0,4,0,0,0,7,1,53,76,129,5,0.333,2.12,0.471,2.79,-0.31,0.8,11.12,6.35,0.25,0.14300000000000002,0.667,0.429,0.605,,,,,,,0.27899999999999997,,,0.11599999999999999,,,
Luis Castillo,CIN,1,1,7.04,0.1,3,3,0,0,0,0,15.1,19,14,12,3,3,1,1,0,12,0,77,175,252,17,0.302,1.43,0.333,4.9,-0.42,0.7,7.04,1.76,0.179,0.045,0.479,0.657,0.321,,,,,0.16699999999999998,0.131,,,,0.381,,,
Tyler Chatwood,TOR,0,0,0.0,0.1,3,0,0,0,0,0,2.2,4,0,0,0,1,0,0,0,3,1,12,26,38,1,0.364,1.88,0.5,2.02,0.07,0.9,10.13,3.38,0.25,0.083,1.0,0.833,0.158,,0.5,,,0.316,,0.026000000000000002,,,,,,
Brad Boxberger,MIL,0,0,0.0,0.1,4,0,0,0,1,0,3.1,0,0,0,0,0,1,0,0,2,1,16,26,42,2,0.0,0.0,0.0,2.84,0.3,1.2,5.4,0.0,0.2,0.0,1.0,0.6,0.5710000000000001,,,,,,0.19,,,,0.23800000000000002,,,
Aaron Loup,NYM,0,0,0.0,0.1,2,0,0,0,0,1,2.1,1,2,0,0,0,1,0,0,2,0,6,20,26,4,0.125,0.43,0.167,2.71,-0.31,1.1,7.71,0.0,0.222,0.0,0.0,0.889,,,0.385,,,0.34600000000000003,,0.115,,,0.154,,,
Richard Rodriguez,PIT,0,0,0.0,0.1,5,0,0,0,1,0,4.1,1,0,0,0,1,0,1,0,5,1,16,40,56,0,0.071,0.46,0.111,1.53,0.12,1.1,10.38,2.08,0.33299999999999996,0.067,1.0,0.667,0.857,,,,,,0.14300000000000002,,,,,,,
Joel Payamps,TOR,0,0,0.0,0.1,3,0,0,0,0,0,6.0,4,0,0,0,1,0,0,0,4,1,28,54,82,0,0.19,0.83,0.235,2.31,0.07,0.8,6.0,1.5,0.182,0.045,1.0,0.545,0.32899999999999996,,,,,0.207,0.341,,,,0.122,,,
Alex Reyes,STL,0,0,0.0,0.1,5,0,0,0,3,0,5.1,3,0,0,0,3,0,2,0,4,1,38,47,85,1,0.158,1.13,0.2,3.33,0.28,0.8,6.75,5.06,0.182,0.136,1.0,0.409,0.32899999999999996,,,,,0.259,0.247,0.094,,,0.071,,,
Tim Mayza,TOR,0,0,0.0,0.1,5,0,0,0,0,0,3.1,3,0,0,0,0,1,0,0,5,0,21,33,54,1,0.231,0.9,0.375,1.04,-0.08,1.0,13.5,0.0,0.35700000000000004,0.0,1.0,0.643,,,,,,0.759,0.24100000000000002,,,,,,,
Cole Sulser,BAL,0,0,0.0,0.1,2,0,0,0,0,0,3.0,2,0,0,0,0,0,0,0,5,0,17,42,59,1,0.182,0.67,0.333,-0.19,0.05,1.0,15.0,0.0,0.455,0.0,1.0,0.545,0.644,,,,,,0.16899999999999998,,,,0.18600000000000003,,,
Brent Honeywell,TBR,0,0,0.0,0.1,1,1,0,0,0,0,2.0,0,0,0,0,0,0,0,0,2,0,7,14,21,2,0.0,0.0,0.0,1.14,0.1,0.8,9.0,0.0,0.33299999999999996,0.0,1.0,0.5,0.47600000000000003,,0.14300000000000002,,,,,,,,0.33299999999999996,0.048,,
J.P. Feyereisen,MIL,0,0,0.0,0.1,7,0,0,0,0,0,7.0,2,1,0,0,4,0,0,0,6,1,47,64,111,1,0.087,0.86,0.118,3.14,0.03,0.8,7.71,5.14,0.222,0.14800000000000002,0.833,0.593,0.37799999999999995,,,,,0.018000000000000002,0.414,,,,0.18899999999999997,,,
Angel Perdomo,MIL,0,0,0.0,0.1,2,0,0,0,0,0,2.0,0,0,0,0,0,0,0,0,4,0,13,20,33,0,0.0,0.0,0.0,-0.86,0.06,0.8,18.0,0.0,0.667,0.0,1.0,0.5,0.545,,,,,,0.33299999999999996,,,,0.121,,,
Jake Brentz,KCR,0,0,0.0,0.1,6,0,0,0,0,0,4.1,1,0,0,0,1,0,1,0,4,2,23,34,57,3,0.071,0.46,0.1,1.99,0.2,1.4,8.31,2.08,0.267,0.067,1.0,0.5329999999999999,0.649,,,,,,0.281,,,,0.07,,,
Travis Lakins,BAL,0,0,0.0,0.1,2,0,0,0,0,0,2.0,0,0,0,0,0,0,1,0,2,0,9,15,24,0,0.0,0.0,0.0,1.14,0.14,0.7,9.0,0.0,0.33299999999999996,0.0,1.0,0.33299999999999996,0.25,,0.5,,,,,0.20800000000000002,,,0.042,,,
Anthony Castro,TOR,0,0,0.0,0.1,1,0,0,0,0,0,2.0,1,0,0,0,0,0,0,0,1,2,4,15,19,0,0.143,0.5,0.167,2.14,0.2,1.1,4.5,0.0,0.14300000000000002,0.0,1.0,0.7140000000000001,0.42100000000000004,,,,,,,0.579,,,,,,
Michael King,NYY,0,0,0.0,0.1,2,0,0,0,0,0,9.0,3,0,0,0,4,1,0,0,7,2,53,84,137,1,0.097,0.78,0.125,3.25,0.3,1.1,7.0,4.0,0.19399999999999998,0.111,1.0,0.639,0.015,,0.255,,,0.584,,0.015,,,0.131,,,
Jordan Holloway,MIA,0,0,0.0,0.1,1,0,0,0,0,0,2.0,0,0,0,0,0,0,0,0,3,0,7,15,22,0,0.0,0.0,0.0,0.14,0.04,0.6,13.5,0.0,0.5,0.0,1.0,0.33299999999999996,0.273,,,,,,0.682,,0.045,,,,,
Carson Fulmer,CIN,0,0,1.04,0.1,7,0,0,0,0,0,8.2,7,1,1,0,2,1,1,0,8,2,52,79,131,3,0.219,1.04,0.292,2.33,-0.18,1.4,8.31,2.08,0.22899999999999998,0.057,0.9,0.5429999999999999,0.42700000000000005,,0.191,,,,,0.183,,,0.198,,,
Kyle Zimmer,KCR,0,0,1.04,0.1,6,0,0,0,1,0,8.2,2,1,1,1,3,0,2,0,8,1,45,67,112,2,0.077,0.58,0.059,3.83,0.65,0.5,8.31,3.12,0.276,0.10300000000000001,1.0,0.621,0.589,,,,,,0.23199999999999998,0.134,,,0.045,,,
Luis Cessa,NYY,0,0,1.17,0.1,6,0,0,0,0,0,7.2,4,4,1,0,5,0,0,0,12,0,48,74,122,3,0.148,1.17,0.267,1.97,-0.06,1.3,14.09,5.87,0.375,0.156,0.556,0.594,0.115,,,,,0.09,0.664,0.025,,,0.107,,,
Wander Suero,WSN,0,0,1.42,0.1,7,0,0,0,0,0,6.1,3,1,1,0,2,0,2,0,5,1,39,56,95,4,0.136,0.79,0.176,2.51,0.04,1.1,7.11,2.84,0.20800000000000002,0.083,0.8,0.542,,,0.768,,,,,0.084,,,0.147,,,
Sam Coonrod,PHI,0,0,1.59,0.1,5,0,0,0,0,1,5.2,2,1,1,1,0,0,0,0,6,0,18,48,66,0,0.1,0.35,0.077,3.32,-0.06,0.6,9.53,0.0,0.3,0.0,1.0,0.5,0.091,,0.045,,,0.667,0.16699999999999998,,,,0.03,,,
David Phelps,TOR,0,0,1.69,0.1,6,1,0,0,0,0,5.1,5,2,1,0,2,0,0,0,5,1,40,50,90,0,0.263,1.31,0.357,2.39,0.31,1.3,8.44,3.38,0.23800000000000002,0.095,0.7140000000000001,0.524,0.244,,0.233,,,0.156,,,0.311,,0.055999999999999994,,,
Hector Neris,PHI,0,1,1.69,0.1,6,0,0,0,2,1,5.1,4,2,1,0,3,0,0,0,5,0,36,58,94,0,0.2,1.31,0.267,2.95,-0.31,1.2,8.44,5.06,0.217,0.13,0.7140000000000001,0.478,0.46799999999999997,,,0.521,,,0.011000000000000001,,,,,,,
Kolby Allard,TEX,0,0,1.8,0.1,3,0,0,0,0,0,5.0,2,1,1,1,0,0,0,0,9,0,22,53,75,1,0.111,0.4,0.125,2.14,0.07,0.6,16.2,0.0,0.5,0.0,1.0,0.722,0.507,,0.36,,,,,0.09300000000000001,,,0.04,,,
Daniel Castano,MIA,0,0,1.8,0.1,1,1,0,0,0,0,5.0,3,1,1,0,2,0,0,0,0,1,27,47,74,1,0.176,1.0,0.176,4.34,0.1,0.6,0.0,3.6,0.0,0.105,0.8,0.632,0.27,,,,,0.18899999999999997,0.392,,,,0.149,,,
Shohei Ohtani,LAA,0,0,1.93,0.1,1,1,0,0,0,0,4.2,2,3,1,0,5,0,1,0,7,0,39,53,92,3,0.118,1.5,0.2,3.36,-0.09,0.8,13.5,9.64,0.318,0.22699999999999998,0.5710000000000001,0.5,0.565,,,0.185,,,0.228,0.022000000000000002,,,,,,
Jose Ruiz,CHW,0,1,2.08,0.1,4,0,0,0,0,0,4.1,1,1,1,0,0,0,0,0,3,1,13,40,53,2,0.071,0.23,0.091,1.76,-0.02,0.8,6.23,0.0,0.214,0.0,0.0,0.7140000000000001,0.5660000000000001,,,,,,0.019,0.358,,,0.057,,,
Victor Gonzalez,LAD,0,0,2.08,0.1,6,0,0,0,0,0,4.1,3,1,1,0,1,0,0,0,3,0,20,37,57,1,0.188,0.92,0.231,2.45,0.06,1.2,6.23,2.08,0.17600000000000002,0.059000000000000004,0.75,0.765,0.24600000000000002,,,,,0.456,0.298,,,,,,,
Zac Gallen,ARI,0,0,2.25,0.1,1,1,0,0,0,0,4.0,3,1,1,1,2,0,1,0,8,0,27,55,82,5,0.188,1.25,0.286,3.89,0.13,0.5,18.0,4.5,0.444,0.111,1.0,0.722,0.585,,0.171,,,,,,0.098,,0.146,,,
Casey Sadler,SEA,0,1,2.25,0.1,4,0,0,0,0,0,4.0,5,2,1,0,3,0,1,0,5,1,39,62,101,2,0.278,2.0,0.385,2.89,-0.31,0.8,11.25,6.75,0.23800000000000002,0.14300000000000002,0.75,0.524,,,0.386,,,0.257,,0.35600000000000004,,,,,,
Kyle Hendricks,CHC,0,1,3.0,0.1,2,2,0,0,0,0,9.0,8,3,3,1,4,0,0,0,10,0,51,97,148,2,0.222,1.33,0.28,3.7,0.16,1.3,10.0,4.0,0.25,0.1,0.8490000000000001,0.65,0.23600000000000002,,,,,0.33799999999999997,,0.128,,,0.297,,,
Brett Martin,TEX,0,0,3.0,0.1,3,0,0,0,0,0,3.0,6,2,1,0,0,0,1,0,1,2,17,32,49,0,0.375,2.0,0.4,2.48,-0.04,0.6,3.0,0.0,0.063,0.0,0.667,0.688,0.22399999999999998,,,,,0.469,0.102,0.204,,,,,,
Jacob Webb,ATL,0,1,3.0,0.1,3,0,0,0,0,0,3.0,4,2,1,0,0,0,0,0,3,0,18,35,53,5,0.308,1.33,0.4,1.14,-0.25,1.1,9.0,0.0,0.231,0.0,0.5,0.5379999999999999,0.528,,,,,,,0.094,,,0.377,,,
Kevin Ginkel,ARI,0,0,3.0,0.1,7,0,0,0,0,1,6.0,6,2,2,1,1,0,0,0,7,0,33,60,93,2,0.273,1.17,0.357,3.48,-0.13,0.5,10.5,1.5,0.304,0.043,0.893,0.478,0.473,,,,,,0.527,,,,,,,
J.A. Happ,MIN,0,0,3.12,0.1,2,2,0,0,0,0,8.2,7,3,3,1,4,0,0,0,7,0,67,109,176,3,0.219,1.27,0.25,4.41,0.08,0.5,7.27,4.15,0.19399999999999998,0.111,0.833,0.611,0.568,,,,,0.239,0.17,0.017,,,0.006,,,
Michael Feliz,PIT,0,0,3.18,0.1,6,0,0,0,0,0,5.2,7,3,2,0,1,0,1,0,7,1,32,68,100,2,0.292,1.41,0.412,1.2,-0.08,1.2,11.12,1.59,0.28,0.04,0.625,0.8,0.51,,,,,,0.44,,,,0.05,,,
Chris Rodriguez,LAA,0,0,3.38,0.1,4,0,0,0,0,0,8.0,7,3,3,0,5,1,1,0,10,0,51,83,134,5,0.226,1.5,0.333,2.89,0.01,0.8,11.25,5.63,0.27,0.135,0.769,0.595,,,,,,0.604,0.06,0.276,,,0.06,,,
Austin Gomber,COL,0,2,3.52,0.1,3,3,0,0,0,0,15.1,8,8,6,1,13,0,1,0,14,0,103,169,272,5,0.154,1.37,0.189,4.71,0.08,1.1,8.22,7.63,0.215,0.2,0.6629999999999999,0.708,0.441,,,,,,0.23199999999999998,,0.21,,0.11800000000000001,,,
Ian Kennedy,TEX,0,0,3.6,0.1,5,0,0,0,3,0,5.0,6,2,2,1,0,0,0,0,8,0,25,63,88,0,0.286,1.2,0.417,2.54,0.33,1.1,14.4,0.0,0.381,0.0,0.87,0.81,0.784,,,,,,,,0.045,,0.17,,,
Steve Cishek,LAA,0,0,3.6,0.1,6,0,0,0,0,0,5.0,5,2,2,0,3,0,1,1,4,1,35,58,93,4,0.263,1.6,0.333,3.34,0.1,0.7,7.2,5.4,0.182,0.136,0.75,0.591,0.09699999999999999,,,,,0.237,0.667,,,,,,,
Brent Suter,MIL,0,1,3.86,0.1,6,0,0,0,0,1,9.1,10,5,4,1,2,0,0,0,7,1,52,98,150,6,0.27,1.29,0.31,3.68,-0.69,0.8,6.75,1.93,0.179,0.051,0.66,0.6920000000000001,0.64,,,,,0.06,,0.17300000000000001,,,0.127,,,
Dylan Cease,CHW,0,0,3.86,0.1,2,2,0,0,0,0,9.1,9,4,4,1,6,0,0,1,9,0,79,103,182,4,0.257,1.61,0.32,4.53,0.01,0.6,8.68,5.79,0.22,0.146,0.809,0.39,0.495,,,,,,0.335,,0.09300000000000001,,0.077,,,
Lucas Sims,CIN,0,0,4.15,0.1,5,0,0,0,1,1,4.1,1,2,2,1,1,0,0,0,7,1,27,38,65,4,0.071,0.46,0.0,3.6,-0.2,0.7,14.54,2.08,0.467,0.067,0.0,0.667,0.431,,,,,,0.4,0.16899999999999998,,,,,,
Lewis Thorpe,MIN,0,0,4.5,0.1,1,1,0,0,0,0,4.0,3,2,2,0,1,0,0,0,2,1,17,43,60,0,0.214,1.0,0.25,2.89,-0.04,1.1,4.5,2.25,0.133,0.067,0.5,0.5329999999999999,0.41700000000000004,,,,,,0.5,0.05,,,0.033,,,
Pablo Lopez,MIA,0,1,4.6,0.1,3,3,0,0,0,0,15.2,14,8,8,3,5,0,1,0,16,1,90,169,259,8,0.237,1.21,0.275,4.55,-0.08,0.8,9.19,2.87,0.25,0.078,0.743,0.578,0.36700000000000005,,0.09300000000000001,,,0.151,,0.081,,,0.309,,,
Ian Anderson,ATL,0,0,4.7,0.1,3,3,0,0,0,0,15.1,15,8,8,3,7,0,0,0,19,0,107,168,275,5,0.25,1.43,0.316,4.58,-0.19,0.8,11.15,4.11,0.284,0.10400000000000001,0.787,0.597,0.45799999999999996,,,,,0.011000000000000001,,0.225,,,0.305,,,
Yusei Kikuchi,SEA,0,0,4.74,0.1,3,3,0,0,0,0,19.0,17,10,10,3,6,1,0,0,19,0,86,188,274,9,0.236,1.21,0.28,4.3,-0.17,1.4,9.0,2.84,0.24100000000000002,0.076,0.7070000000000001,0.6709999999999999,0.369,,0.38299999999999995,,,,0.204,,,,0.044000000000000004,,,
Logan Webb,SFG,0,1,4.76,0.1,3,2,0,0,0,0,11.1,15,6,6,2,5,0,0,0,12,1,71,129,200,1,0.326,1.76,0.406,4.64,-0.22,0.5,9.53,3.97,0.235,0.098,0.8140000000000001,0.667,0.14,,0.04,,,0.265,0.24,,,,0.315,,,
Stefan Crichton,ARI,0,0,4.76,0.1,7,0,0,0,0,0,5.2,7,3,3,0,3,0,1,0,5,2,35,55,90,0,0.333,1.76,0.438,2.97,0.23,1.3,7.94,4.76,0.20800000000000002,0.125,0.7,0.667,0.067,,,,,0.611,,0.278,,,0.044000000000000004,,,
Dillon Tate,BAL,0,1,4.91,0.1,5,0,0,0,0,0,3.2,3,3,2,0,2,1,1,0,3,1,26,38,64,0,0.231,1.36,0.3,3.96,0.17,0.5,7.36,4.91,0.188,0.125,0.5,0.563,0.078,,,,,0.484,0.32799999999999996,,,,0.109,,,
Hansel Robles,MIN,0,1,5.06,0.1,6,0,0,0,0,0,5.1,1,4,3,0,3,1,0,0,7,0,31,53,84,2,0.059,0.75,0.1,2.77,0.1,1.0,11.81,5.06,0.33299999999999996,0.14300000000000002,0.2,0.524,0.31,,,,,0.012,0.083,,,,0.595,,,
Bryan Garcia,DET,0,0,5.4,0.1,6,0,0,0,2,0,6.2,6,4,4,0,4,0,2,0,7,0,48,75,123,4,0.231,1.5,0.316,2.84,0.44,1.2,9.45,5.4,0.233,0.133,0.6,0.633,0.008,,,,,0.561,0.26,,,,0.171,,,
Andrew Chafin,CHC,0,0,5.79,0.1,6,0,0,0,0,1,4.2,5,3,3,0,3,2,1,0,9,0,40,60,100,2,0.263,1.71,0.5,2.5,-0.24,1.1,17.36,5.79,0.375,0.125,0.7,0.5,0.3,,,,,0.42,0.28,,,,,,,
Archie Bradley,PHI,0,1,6.0,0.1,4,0,0,0,0,0,3.0,4,2,2,0,1,0,1,0,3,0,17,36,53,1,0.308,1.67,0.4,2.14,-0.07,0.6,9.0,3.0,0.214,0.071,0.6,0.857,0.509,,,,,0.113,,,0.113,,0.264,,,
Adbert Alzolay,CHC,0,2,6.1,0.1,2,2,0,0,0,0,10.1,7,7,7,2,3,0,0,0,10,1,52,93,145,1,0.194,0.97,0.208,4.59,-0.09,0.7,8.71,2.61,0.256,0.077,0.41700000000000004,0.6920000000000001,0.255,,,,,0.255,0.39299999999999996,0.048,,,0.048,,,
Taylor Clarke,ARI,0,0,6.14,0.1,5,0,0,0,0,0,7.1,9,5,5,1,1,0,0,0,7,0,37,80,117,1,0.281,1.36,0.333,3.41,0.1,0.6,8.59,1.23,0.212,0.03,0.581,0.6970000000000001,0.59,,,,,,0.248,0.026000000000000002,,,0.13699999999999998,,,
Adam Wainwright,STL,0,2,7.11,0.1,3,3,0,0,0,0,12.2,19,11,10,2,5,1,0,0,14,1,84,151,235,1,0.333,1.89,0.415,4.41,-0.47,1.1,9.95,3.55,0.222,0.079,0.631,0.603,0.128,,0.23800000000000002,,,0.221,,0.34,,,0.07200000000000001,,,
Cody Stashak,MIN,0,0,7.2,0.1,6,0,0,0,0,0,5.0,5,4,4,1,2,1,0,0,12,1,39,61,100,2,0.25,1.4,0.571,2.74,0.05,1.1,21.6,3.6,0.522,0.087,0.606,0.696,0.5,,,,,,0.48,,,,0.02,,,
Carlos Martinez,STL,0,3,7.8,0.1,3,3,0,0,0,0,15.0,17,13,13,2,4,2,1,0,10,2,77,164,241,1,0.274,1.4,0.3,4.74,-0.67,0.9,6.0,2.4,0.147,0.059000000000000004,0.495,0.647,0.228,,0.23199999999999998,,,0.13699999999999998,0.266,0.004,,,0.133,,,
Trevor Cahill,PIT,0,1,8.0,0.1,2,2,0,0,0,0,9.0,12,8,8,2,2,0,1,0,12,0,57,98,155,1,0.316,1.56,0.417,4.03,-0.17,1.0,12.0,2.0,0.3,0.05,0.536,0.575,0.057999999999999996,,0.168,,,0.355,,,0.20600000000000002,,0.213,,,
Erick Fedde,WSN,0,1,8.53,0.1,2,2,0,0,0,0,6.1,8,7,6,0,5,0,0,0,6,0,50,72,122,5,0.296,2.05,0.381,3.62,-0.53,1.1,8.53,7.11,0.188,0.156,0.462,0.7190000000000001,0.033,,0.24600000000000002,,,0.451,,0.131,,,0.139,,,
Anthony Kay,TOR,0,1,10.8,0.1,1,1,0,0,0,0,3.1,6,5,4,0,0,0,0,0,3,0,20,36,56,0,0.375,1.8,0.462,1.34,-0.2,1.3,8.1,0.0,0.188,0.0,0.16699999999999998,0.5,0.589,,0.036000000000000004,,,,,0.179,,,0.196,,,
Jose Quintana,LAA,0,1,16.2,0.1,2,2,0,0,0,0,5.0,10,11,9,0,7,0,2,0,9,0,68,79,147,0,0.37,3.4,0.556,3.74,-0.6,0.8,16.2,12.6,0.265,0.20600000000000002,0.353,0.5,0.218,,,,,0.259,,0.272,,,0.252,,,
Yusmeiro Petit,OAK,3,0,2.08,0.0,9,0,0,0,0,0,8.2,7,2,2,1,1,0,0,0,4,2,43,76,119,6,0.219,0.92,0.222,4.07,0.36,0.4,4.15,1.04,0.121,0.03,0.909,0.5760000000000001,0.462,,0.28600000000000003,,,,,0.11800000000000001,,,0.134,,,
Caleb Baragar,SFG,2,0,0.0,0.0,4,0,0,0,0,0,2.0,1,0,0,0,2,0,0,0,2,2,15,18,33,5,0.167,1.5,0.25,4.14,0.08,0.4,9.0,9.0,0.25,0.25,1.0,0.5,0.879,,,,,,0.061,0.061,,,,,,
Andrew Kittredge,TBR,2,0,1.69,0.0,4,0,0,0,0,0,5.1,4,1,1,0,3,1,0,0,4,0,23,46,69,6,0.2,1.31,0.25,3.89,0.32,0.1,6.75,5.06,0.16699999999999998,0.125,0.875,0.667,0.028999999999999998,,,,,0.565,0.406,,,,,,,
Pedro Strop,CHC,1,0,0.0,0.0,2,0,0,0,0,0,2.0,2,0,0,0,2,0,0,0,3,0,20,25,45,2,0.25,2.0,0.4,3.14,0.08,0.2,13.5,9.0,0.3,0.2,1.0,0.6,0.2,,0.33299999999999996,,,0.17800000000000002,0.289,,,,,,,
Will Vest,SEA,1,0,1.08,0.0,6,0,0,0,0,0,8.1,5,2,1,0,4,1,1,0,5,0,57,85,142,14,0.172,1.08,0.208,3.74,-0.06,0.4,5.4,4.32,0.147,0.11800000000000001,0.8,0.647,0.585,,,,,0.006999999999999999,0.19,,,,0.218,,,
Julio Teheran,DET,1,0,1.8,0.0,1,1,0,0,0,0,5.0,4,1,1,1,3,0,0,0,3,1,32,58,90,2,0.235,1.4,0.231,6.34,0.21,-0.4,5.4,5.4,0.15,0.15,1.0,0.45,0.1,,,,,0.5329999999999999,0.3,,,,0.067,,,
Luke Weaver,ARI,1,0,2.13,0.0,2,2,0,0,0,0,12.2,5,3,3,3,1,1,0,0,11,0,58,118,176,10,0.116,0.47,0.069,4.96,0.26,0.3,7.82,0.71,0.244,0.022000000000000002,1.0,0.556,0.682,,0.045,,,,,,,,0.273,,,
Daniel Hudson,WSN,1,0,2.25,0.0,4,0,0,0,0,0,4.0,1,1,1,1,2,0,0,0,6,0,24,37,61,1,0.077,0.75,0.0,4.89,0.27,-0.3,13.5,4.5,0.4,0.133,1.0,0.667,0.754,,,,,,0.24600000000000002,,,,,,,
Craig Stammen,SDP,1,1,2.7,0.0,5,0,0,0,1,0,10.0,9,3,3,2,1,0,0,0,9,0,48,87,135,3,0.243,1.0,0.269,4.24,0.08,-0.1,8.1,0.9,0.237,0.026000000000000002,0.972,0.579,0.006999999999999999,,,,,0.496,0.252,,0.237,,0.006999999999999999,,,
Gregory Soto,DET,1,0,2.7,0.0,6,0,0,0,1,0,6.2,5,2,2,1,4,0,1,0,7,1,51,71,122,1,0.2,1.35,0.235,4.79,0.59,-0.2,9.45,5.4,0.24100000000000002,0.138,0.9209999999999999,0.621,0.025,,,,,0.49200000000000005,0.484,,,,,,,
Jordan Romano,TOR,1,0,2.7,0.0,4,0,0,0,0,1,3.1,4,1,1,0,3,0,0,0,4,0,34,36,70,1,0.286,2.1,0.4,3.44,0.11,0.2,10.8,8.1,0.235,0.17600000000000002,0.857,0.588,0.429,,,,,0.028999999999999998,0.5429999999999999,,,,,,,
Adrian Houser,MIL,1,2,3.14,0.0,3,3,0,0,0,0,14.1,15,6,5,2,7,0,1,0,10,0,97,134,231,4,0.288,1.53,0.325,5.03,0.27,0.2,6.28,4.4,0.16899999999999998,0.11900000000000001,0.833,0.525,0.147,,,,,0.515,0.065,0.147,,,0.126,,,
Kyle Finnegan,WSN,1,0,3.38,0.0,5,0,0,0,0,0,5.1,5,2,2,1,2,0,0,0,6,0,28,58,86,3,0.238,1.31,0.286,4.45,-0.15,-0.1,10.13,3.38,0.261,0.087,0.893,0.652,,,,0.09300000000000001,,0.698,0.209,,,,,,,
Phillips Valdez,BOS,1,0,3.6,0.0,4,0,0,0,0,0,5.0,2,3,2,0,2,0,3,0,2,0,31,50,81,2,0.118,0.8,0.133,3.54,0.03,0.3,3.6,3.6,0.105,0.105,0.25,0.526,,,,,,0.272,0.012,,,,0.716,,,
Rafael Montero,SEA,1,0,3.68,0.0,7,0,0,0,2,3,7.1,4,3,3,1,3,1,1,0,8,1,42,70,112,1,0.16,0.95,0.188,4.37,-0.44,0.0,9.82,3.68,0.276,0.10300000000000001,0.758,0.621,0.33,,,,,0.214,0.223,,,,0.23199999999999998,,,
Sean Doolittle,CIN,1,0,3.86,0.0,6,0,0,0,0,1,4.2,5,2,2,1,2,0,0,0,8,0,25,56,81,1,0.278,1.5,0.444,3.78,-0.1,0.3,15.43,3.86,0.4,0.1,0.893,0.8,0.9009999999999999,,,,,,,0.099,,,,,,
Ryan Borucki,TOR,1,1,4.5,0.0,5,0,0,0,0,0,4.0,2,3,2,1,1,0,0,0,4,1,21,39,60,1,0.143,0.75,0.111,5.14,0.24,-0.4,9.0,2.25,0.267,0.067,0.0,0.6,,,,,,0.633,0.35,,,,0.017,,,
Chris Stratton,PIT,1,0,4.91,0.0,7,0,0,0,0,0,7.1,7,4,4,1,2,0,0,0,6,1,32,72,104,2,0.259,1.23,0.3,4.1,0.14,0.3,7.36,2.45,0.207,0.069,0.6579999999999999,0.655,0.529,,,,,,0.14400000000000002,0.25,,,0.077,,,
Chris Bassitt,OAK,1,2,4.96,0.0,3,3,0,0,0,0,16.1,15,9,9,2,8,2,0,0,11,1,97,166,263,7,0.242,1.41,0.265,5.22,-0.05,-0.4,6.06,4.41,0.153,0.111,0.721,0.625,0.18600000000000003,,0.24,,,0.361,0.061,0.061,,,0.091,,,
Bryan Abreu,HOU,1,1,5.0,0.0,5,0,0,0,0,0,9.0,7,5,5,1,4,0,1,0,6,2,64,97,161,1,0.219,1.22,0.24,4.59,0.25,-0.2,6.0,4.0,0.16699999999999998,0.111,0.625,0.5,0.068,,,,,0.41600000000000004,0.41,0.106,,,,,,
Ryan Thompson,TBR,1,1,5.06,0.0,6,0,0,0,0,1,5.1,4,4,3,0,3,1,1,0,4,1,29,52,81,2,0.211,1.31,0.267,3.89,-0.44,0.4,6.75,5.06,0.174,0.13,0.5,0.522,0.049,,,,,0.457,0.48100000000000004,,,,0.012,,,
Ryan Helsley,STL,1,0,6.14,0.0,7,0,0,0,0,0,7.1,9,5,5,0,6,0,1,0,7,1,62,81,143,5,0.31,2.05,0.409,3.69,-0.01,0.4,8.59,7.36,0.2,0.171,0.667,0.486,0.49,,0.35700000000000004,,,,,0.091,,,0.063,,,
Jimmy Nelson,LAD,1,1,6.23,0.0,5,0,0,0,0,0,4.1,3,4,3,0,5,1,2,0,6,1,44,60,104,7,0.2,1.85,0.333,4.53,-0.16,0.0,12.46,10.38,0.28600000000000003,0.23800000000000002,0.556,0.524,0.317,,,,,,0.308,,0.375,,,,,
David Peterson,NYM,1,1,6.3,0.0,2,2,0,0,0,0,10.0,10,7,7,3,2,1,0,0,15,0,47,111,158,3,0.256,1.2,0.333,4.94,-0.07,0.1,13.5,1.8,0.35700000000000004,0.048,0.682,0.595,0.23399999999999999,,,,,0.297,0.316,,,,0.152,,,
Cionel Perez,CIN,1,1,6.75,0.0,6,0,0,0,0,0,5.1,3,5,4,0,6,0,0,0,5,2,59,59,118,2,0.158,1.69,0.214,4.64,-0.34,0.4,8.44,10.13,0.2,0.24,0.444,0.36,0.636,,,,,,0.22,,,,0.14400000000000002,,,
Josh Sborz,TEX,1,1,7.2,0.0,6,0,0,0,0,0,5.0,4,4,4,0,4,0,0,0,5,0,33,57,90,3,0.211,1.6,0.286,3.54,-0.07,0.3,9.0,7.2,0.217,0.174,0.5,0.652,0.489,,,,,0.022000000000000002,0.33299999999999996,0.156,,,,,,
Mitch Keller,PIT,1,2,8.74,0.0,3,3,0,0,0,0,11.1,16,11,11,2,8,0,1,0,12,0,90,150,240,8,0.327,2.12,0.4,5.44,-0.56,-0.4,9.53,6.35,0.21100000000000002,0.14,0.613,0.596,0.542,,,,,,0.258,0.15,,,0.05,,,
Adam Ottavino,BOS,1,1,9.82,0.0,5,0,0,0,0,1,3.2,7,4,4,0,3,1,0,0,5,0,37,59,96,5,0.368,2.73,0.5,3.69,-0.65,0.2,12.27,7.36,0.217,0.13,0.636,0.391,0.01,,0.10400000000000001,,,0.45799999999999996,0.42700000000000005,,,,,,,
Zach Davies,CHC,1,2,10.32,0.0,3,3,0,0,0,0,11.1,16,13,13,1,9,0,0,0,8,2,87,135,222,5,0.32,2.21,0.366,5.26,-0.69,0.2,6.35,7.15,0.136,0.153,0.508,0.5760000000000001,,,0.07200000000000001,,,0.486,,0.077,,,0.365,,,
Carlos Hernandez,KCR,1,0,10.8,0.0,3,0,0,0,0,0,3.1,6,4,4,0,5,0,2,0,5,0,34,48,82,5,0.4,3.3,0.6,4.64,-0.12,-0.2,13.5,13.5,0.25,0.25,0.636,0.55,0.244,,,,,0.341,,0.256,,,0.159,,,
Oliver Perez,CLE,0,0,0.0,0.0,3,0,0,0,0,0,2.1,1,0,0,0,0,0,0,0,3,0,7,25,32,4,0.111,0.43,0.167,0.57,0.0,0.5,11.57,0.0,0.33299999999999996,0.0,1.0,0.778,0.21899999999999997,,,,,0.5,0.281,,,,,,,
Justin Wilson,NYY,0,0,0.0,0.0,3,0,0,0,0,0,3.0,1,0,0,0,1,1,0,0,3,0,23,32,55,1,0.1,0.67,0.143,3.14,0.24,0.4,9.0,3.0,0.25,0.083,1.0,0.16699999999999998,0.727,,0.273,,,,,,,,,,,
Jose Alvarez,SFG,0,1,0.0,0.0,4,0,0,0,0,0,2.2,2,1,0,0,3,0,0,0,3,0,25,30,55,0,0.2,1.88,0.286,4.27,-0.18,-0.1,10.13,10.13,0.231,0.231,0.8,0.5379999999999999,0.23600000000000002,,0.018000000000000002,,,0.309,0.273,,,,0.16399999999999998,,,
Hernan Perez,WSN,0,0,0.0,0.0,1,0,0,0,0,0,1.0,0,0,0,0,0,0,0,0,2,0,2,7,9,2,0.0,0.0,0.0,-0.86,0.0,0.3,18.0,0.0,0.667,0.0,1.0,0.33299999999999996,0.778,,,,,0.222,,,,,,,,
Ben Rowen,LAA,0,0,0.0,0.0,2,0,0,0,0,0,1.2,1,1,0,0,0,0,0,0,1,0,1,11,12,0,0.143,0.6,0.167,1.94,-0.01,0.2,5.4,0.0,0.14300000000000002,0.0,0.0,0.857,,,,,,0.25,0.75,,,,,,,
Phillip Evans,PIT,0,0,0.0,0.0,1,0,0,0,0,0,1.0,0,0,0,0,0,0,0,0,0,0,1,4,5,0,0.0,0.0,0.0,3.14,0.0,0.1,0.0,0.0,0.0,0.0,1.0,0.667,,,,,,,,0.8,,,0.2,,,
Kyle Crick,PIT,0,0,0.0,0.0,5,0,0,0,0,0,5.1,1,0,0,0,4,1,2,0,4,0,38,42,80,2,0.067,0.94,0.091,4.45,0.15,-0.1,6.75,6.75,0.2,0.2,1.0,0.65,0.475,,,,,0.025,0.488,,,,0.013000000000000001,,,
Harold Castro,DET,0,0,0.0,0.0,1,0,0,0,0,0,1.0,0,0,0,0,1,0,0,0,0,0,5,4,9,5,0.0,1.0,0.0,6.14,0.0,-0.1,0.0,9.0,0.0,0.25,1.0,0.5,0.889,,,,,,,0.111,,,,,,
Austin Voth,WSN,0,0,0.0,0.0,3,0,0,0,0,0,2.2,1,0,0,0,1,0,0,0,3,0,8,23,31,2,0.111,0.75,0.167,2.02,0.01,0.4,10.13,3.38,0.3,0.1,1.0,0.5,0.774,,,,,,,0.226,,,,,,
Kyle McGowin,WSN,0,0,0.0,0.0,2,0,0,0,0,0,2.1,0,0,0,0,1,0,0,0,1,0,12,18,30,2,0.0,0.43,0.0,3.57,0.13,0.2,3.86,3.86,0.125,0.125,1.0,0.75,0.033,,,,,0.16699999999999998,0.8,,,,,,,
Willians Astudillo,MIN,0,0,0.0,0.0,1,0,0,0,0,0,1.0,0,0,0,0,0,0,0,0,0,0,2,5,7,0,0.0,0.0,0.0,3.14,0.0,0.0,0.0,0.0,0.0,0.0,1.0,0.667,0.2,,,,,,,,,,0.8,,,
Brad Wieck,CHC,0,0,0.0,0.0,1,0,0,0,0,0,1.0,1,0,0,0,1,0,0,0,2,0,7,11,18,2,0.25,2.0,0.5,2.14,0.0,0.1,18.0,9.0,0.4,0.2,1.0,0.4,0.778,,,,,,,,0.222,,,,,
Erik Swanson,SEA,0,0,0.0,0.0,1,0,0,0,0,0,2.0,0,0,0,0,1,0,0,0,1,0,5,15,20,2,0.0,0.5,0.0,3.64,0.04,0.1,4.5,4.5,0.16699999999999998,0.16699999999999998,1.0,0.667,0.8,,,,,,0.15,,,,0.05,,,
Justin Steele,CHC,0,0,0.0,0.0,3,0,0,0,0,0,3.1,2,0,0,0,1,2,0,0,4,0,23,37,60,0,0.182,0.9,0.286,3.44,0.01,0.1,10.8,2.7,0.28600000000000003,0.071,1.0,0.5710000000000001,0.583,,,,,0.2,0.217,,,,,,,
Dennis Santana,LAD,0,0,0.0,0.0,3,0,0,0,0,0,3.0,3,0,0,0,1,1,0,0,3,0,20,26,46,0,0.273,1.33,0.375,3.14,0.37,0.4,9.0,3.0,0.231,0.077,1.0,0.308,0.022000000000000002,,,,,0.435,0.348,,,,0.196,,,
Ka'ai Tom,OAK,0,0,0.0,0.0,1,0,0,0,0,0,1.0,1,0,0,0,0,0,0,0,0,1,7,13,20,0,0.25,1.0,0.25,3.14,0.0,0.2,0.0,0.0,0.0,0.0,1.0,0.25,0.95,,,,,,,0.05,,,,,,
Josh Staumont,KCR,0,0,0.0,0.0,4,0,0,0,0,0,5.2,1,0,0,0,1,2,0,0,4,0,23,43,66,5,0.056,0.35,0.071,3.32,0.22,0.4,6.35,1.59,0.19,0.048,1.0,0.619,0.652,,,,,0.061,,0.28800000000000003,,,,,,
Brandon Waddell,MIN,0,0,0.0,0.0,2,0,0,0,0,0,3.0,5,0,0,0,2,0,0,0,0,1,29,32,61,0,0.357,2.33,0.357,5.14,0.1,-0.1,0.0,6.0,0.0,0.125,1.0,0.43799999999999994,0.475,,,,,,0.39299999999999996,,,,0.131,,,
Joey Lucchesi,NYM,0,0,0.0,0.0,1,0,0,0,0,0,2.0,1,0,0,0,0,0,0,0,3,0,13,23,36,0,0.143,0.5,0.25,0.14,0.0,0.4,13.5,0.0,0.429,0.0,1.0,0.7140000000000001,,,,,,0.6940000000000001,,0.306,,,,,,
A.J. Puk,OAK,0,0,0.0,0.0,1,0,0,0,0,0,3.1,1,0,0,0,3,0,1,0,4,0,30,35,65,0,0.091,1.2,0.143,3.44,0.02,0.1,10.8,8.1,0.28600000000000003,0.214,1.0,0.5,0.5539999999999999,,,,,0.10800000000000001,0.24600000000000002,0.031,,,0.062,,,
Jordan Sheffield,COL,0,0,0.0,0.0,4,0,0,0,0,0,3.2,1,0,0,0,0,1,2,0,1,1,22,30,52,1,0.083,0.27,0.091,3.41,0.02,0.3,2.45,0.0,0.077,0.0,1.0,0.385,0.75,,,,,0.019,0.17300000000000001,,,,0.057999999999999996,,,
Ty Tice,TOR,0,0,0.0,0.0,1,0,0,0,0,0,2.0,1,0,0,0,1,1,0,0,0,0,12,23,35,1,0.143,1.0,0.143,6.14,0.0,-0.3,0.0,4.5,0.0,0.111,1.0,0.444,0.486,,,,,,0.28600000000000003,0.22899999999999998,,,,,,
Tyler Zuber,KCR,0,0,0.0,0.0,1,0,0,0,0,0,1.0,1,0,0,0,0,0,0,0,2,0,8,15,23,0,0.25,1.0,0.5,-0.86,0.01,0.3,18.0,0.0,0.5,0.0,1.0,1.0,0.522,,,,,,0.217,0.261,,,,,,
Eduard Bazardo,BOS,0,0,0.0,0.0,1,0,0,0,0,0,1.0,0,0,0,0,2,0,0,0,1,0,9,15,24,0,0.0,2.0,0.0,7.14,0.0,-0.2,9.0,18.0,0.2,0.4,1.0,0.6,0.375,,,,,,0.625,,,,,,,
Johan Oviedo,STL,0,0,0.0,0.0,1,0,0,0,0,0,4.2,2,0,0,0,2,0,0,0,4,0,23,42,65,3,0.133,0.86,0.182,2.71,0.03,0.4,7.71,3.86,0.235,0.11800000000000001,1.0,0.529,0.508,,,,,,0.215,0.2,,,0.077,,,
Lou Trivino,OAK,0,0,0.93,0.0,8,0,0,0,2,0,9.2,3,1,1,1,4,0,0,0,9,1,49,84,133,4,0.1,0.72,0.1,3.87,0.1,0.3,8.38,3.72,0.265,0.11800000000000001,1.0,0.618,0.24100000000000002,,0.24100000000000002,,,0.316,,0.12,,,0.083,,,
Hirokazu Sawamura,BOS,0,0,1.42,0.0,6,0,0,0,0,0,6.1,2,1,1,1,4,1,0,0,5,4,52,65,117,4,0.1,0.95,0.071,5.98,0.1,-0.4,7.11,5.68,0.2,0.16,1.0,0.32,0.603,,,0.18100000000000002,,,0.21600000000000003,,,,,,,
Tommy Milone,TOR,0,0,1.5,0.0,2,0,0,0,1,0,6.0,4,1,1,1,2,0,0,0,8,1,34,57,91,3,0.19,1.0,0.25,3.64,0.02,0.2,12.0,3.0,0.348,0.087,1.0,0.652,0.374,,,,,,0.099,0.14300000000000002,,,0.385,,,
Darwinzon Hernandez,BOS,0,0,1.5,0.0,7,0,0,0,0,0,6.0,5,1,1,0,6,0,1,0,6,0,45,49,94,2,0.227,1.83,0.313,4.14,0.4,-0.1,9.0,9.0,0.214,0.214,0.909,0.5,0.7020000000000001,,,,,,0.287,0.011000000000000001,,,,,,
Jordan Hicks,STL,0,0,1.69,0.0,5,0,0,0,0,0,5.1,2,1,1,0,5,0,2,0,4,0,43,52,95,1,0.118,1.31,0.154,4.45,0.03,-0.1,6.75,8.44,0.182,0.22699999999999998,0.857,0.5,0.011000000000000001,,0.2,,,0.684,0.095,,,,0.011000000000000001,,,
Taylor Williams,SDP,0,0,1.69,0.0,5,0,0,0,0,0,5.1,3,1,1,0,3,2,0,0,6,1,31,58,89,1,0.167,1.13,0.25,3.7,0.16,0.4,10.13,5.06,0.261,0.13,0.875,0.609,0.18,,,,,0.39299999999999996,0.42700000000000005,,,,,,,
Bryan Shaw,CLE,0,0,1.8,0.0,5,0,0,0,0,0,5.0,1,1,1,1,2,0,0,0,6,0,21,44,65,1,0.063,0.6,0.0,4.54,0.22,-0.2,10.8,3.6,0.33299999999999996,0.111,1.0,0.611,0.015,,0.815,,,,0.092,0.062,,,0.015,,,
Deolis Guerra,OAK,0,0,1.8,0.0,2,0,0,0,0,0,5.0,2,1,1,1,0,0,0,0,7,0,26,54,80,6,0.118,0.4,0.111,2.94,0.03,0.3,12.6,0.0,0.41200000000000003,0.0,1.0,0.529,0.43799999999999994,,,,,0.063,0.125,0.1,,,0.275,,,
Jorge Alcala,MIN,0,0,1.8,0.0,5,0,0,0,0,0,5.0,2,1,1,1,0,0,0,0,2,2,17,41,58,0,0.125,0.4,0.077,4.94,-0.04,0.0,3.6,0.0,0.125,0.0,1.0,0.563,0.552,,,,,,0.379,,,,0.069,,,
Hunter Strickland,TBR,0,0,2.25,0.0,3,0,0,0,0,0,4.0,1,1,1,1,1,0,0,0,7,1,22,44,66,2,0.077,0.5,0.0,3.64,0.02,0.2,15.75,2.25,0.5,0.071,1.0,0.7140000000000001,0.47,,,,,0.045,0.485,,,,,,,
Reyes Moronta,SFG,0,0,2.25,0.0,4,0,0,0,0,0,4.0,1,1,1,1,0,0,0,0,2,1,20,28,48,0,0.077,0.25,0.0,5.39,0.24,-0.5,4.5,0.0,0.154,0.0,1.0,0.615,0.396,,,,,,0.45799999999999996,,,,0.146,,,
Dan Winkler,CHC,0,0,2.25,0.0,5,0,0,0,0,0,4.0,2,1,1,0,4,0,0,0,5,0,32,43,75,1,0.143,1.5,0.222,3.64,-0.16,0.2,11.25,9.0,0.278,0.222,0.833,0.722,0.493,,0.133,,,0.267,,0.09300000000000001,,,0.013000000000000001,,,
Luis Garcia,HOU,0,0,2.35,0.0,2,1,0,0,0,0,7.2,6,2,2,1,4,0,0,0,8,2,44,86,130,6,0.207,1.3,0.25,4.32,-0.14,-0.5,9.39,4.7,0.242,0.121,0.93,0.636,0.45399999999999996,,0.185,,,,0.192,0.062,,,0.10800000000000001,,,
Ryne Stanek,HOU,0,1,2.35,0.0,7,0,0,0,0,0,7.2,1,2,2,1,3,2,0,0,10,1,39,70,109,3,0.043,0.52,0.0,4.19,0.25,0.1,11.74,3.52,0.35700000000000004,0.107,0.87,0.46399999999999997,0.55,,,0.312,,,0.138,,,,,,,
Dillon Maples,CHC,0,0,2.57,0.0,4,0,0,0,0,0,7.0,3,2,2,1,8,0,2,0,12,1,58,71,129,0,0.125,1.57,0.182,5.0,-0.04,-0.3,15.43,10.29,0.375,0.25,0.938,0.5,0.17800000000000002,,,,,0.349,0.33299999999999996,0.14,,,,,,
Cal Quantrill,CLE,0,0,2.57,0.0,4,0,0,0,0,0,7.0,5,2,2,0,5,0,0,0,4,1,42,65,107,1,0.2,1.43,0.238,4.14,0.18,0.1,5.14,6.43,0.133,0.16699999999999998,0.8,0.767,,,,,,0.626,0.252,,,,0.121,,,
Aaron Bummer,CHW,0,1,2.7,0.0,5,0,0,0,0,1,3.1,4,3,1,0,4,1,0,0,6,0,39,48,87,0,0.267,2.4,0.444,4.04,-0.78,0.1,16.2,10.8,0.3,0.2,0.667,0.3,,,0.057,,,0.747,0.195,,,,,,,
Burch Smith,OAK,0,0,3.0,0.0,2,0,0,0,0,0,3.0,3,1,1,0,1,0,0,0,1,1,22,26,48,2,0.273,1.33,0.3,3.48,0.01,0.3,3.0,3.0,0.083,0.083,0.75,0.5,0.563,,,,,,,0.10400000000000001,,,0.33299999999999996,,,
Trent Thornton,TOR,0,0,3.0,0.0,4,0,0,0,0,0,6.0,4,2,2,0,3,0,0,0,4,0,45,65,110,3,0.19,1.17,0.235,3.31,0.15,0.4,6.0,4.5,0.16699999999999998,0.125,0.7140000000000001,0.45799999999999996,0.48200000000000004,,0.209,,,,0.264,,,,0.045,,,
Adam Cimber,MIA,0,0,3.0,0.0,7,0,0,0,0,0,6.0,6,2,2,0,3,2,0,0,4,1,38,55,93,2,0.273,1.5,0.333,4.31,-0.1,0.1,6.0,4.5,0.14800000000000002,0.111,0.818,0.667,0.366,,,,,0.237,0.39799999999999996,,,,,,,
Jeurys Familia,NYM,0,0,3.38,0.0,4,0,0,0,0,0,2.2,5,2,1,0,2,0,0,0,2,0,15,36,51,0,0.385,2.63,0.455,3.89,-0.12,0.0,6.75,6.75,0.133,0.133,0.7140000000000001,0.6,0.039,,,0.098,,0.725,0.13699999999999998,,,,,,,
Pete Fairbanks,TBR,0,0,3.38,0.0,3,0,0,0,0,0,2.2,3,1,1,0,2,0,0,0,2,0,16,25,41,1,0.3,1.88,0.375,3.89,0.25,0.0,6.75,6.75,0.16699999999999998,0.16699999999999998,0.8,0.667,0.46299999999999997,,,,,,0.537,,,,,,,
Mychal Givens,COL,0,1,3.6,0.0,5,0,0,0,0,0,5.0,3,2,2,1,2,1,0,0,7,1,29,52,81,1,0.167,1.0,0.2,4.74,0.12,0.1,12.6,3.6,0.33299999999999996,0.095,0.87,0.7140000000000001,0.33299999999999996,,,,,,0.12300000000000001,,,,0.5429999999999999,,,
Jhoulys Chacin,COL,0,0,3.6,0.0,3,0,0,0,0,0,5.0,6,2,2,0,3,0,0,0,4,0,48,64,112,0,0.286,1.8,0.353,3.34,0.03,0.4,7.2,5.4,0.16699999999999998,0.125,0.778,0.45799999999999996,0.179,,,,,0.321,,0.42,,,0.08,,,
Scott Alexander,LAD,0,0,3.86,0.0,5,0,0,0,0,0,4.2,4,2,2,1,0,0,1,0,1,1,28,45,73,1,0.222,0.86,0.188,5.5,0.06,-0.4,1.93,0.0,0.055999999999999994,0.0,0.769,0.556,,,,,,0.767,0.096,,,,0.13699999999999998,,,
Brandon Kintzler,PHI,0,0,3.86,0.0,4,0,0,0,0,0,4.2,5,3,2,1,0,0,0,0,3,1,27,44,71,1,0.25,1.07,0.25,4.64,-0.04,0.1,5.79,0.0,0.15,0.0,0.556,0.4,,,,,,0.7120000000000001,0.11,0.027000000000000003,,,0.151,,,
Caleb Smith,ARI,0,1,4.0,0.0,4,1,0,0,0,0,9.0,8,5,4,1,6,2,0,0,12,1,76,107,183,6,0.229,1.56,0.318,4.59,-0.24,-0.2,12.0,6.0,0.27899999999999997,0.14,0.753,0.442,0.49700000000000005,,,,,,0.213,0.066,,,0.22399999999999998,,,
Genesis Cabrera,STL,0,0,4.05,0.0,6,0,0,0,0,0,6.2,4,4,3,1,3,0,1,0,7,2,34,63,97,5,0.16,1.05,0.176,4.34,0.22,0.2,9.45,4.05,0.25,0.107,0.536,0.5710000000000001,0.309,,,,,0.258,,0.268,,,0.165,,,
Wade Davis,KCR,0,0,4.15,0.0,5,0,0,0,1,0,4.1,4,2,2,1,0,0,1,0,3,0,22,40,62,1,0.25,0.92,0.25,4.76,0.02,-0.3,6.23,0.0,0.188,0.0,0.769,0.75,0.516,,0.258,,,,,,0.226,,,,,
Alex Claudio,LAA,0,0,4.15,0.0,5,0,0,0,0,0,4.1,6,2,2,0,2,0,0,0,3,0,32,57,89,2,0.316,1.85,0.375,3.14,0.04,0.3,6.23,4.15,0.14300000000000002,0.095,0.75,0.667,0.191,,,,,0.292,0.191,,,,0.326,,,
Albert Abreu,NYY,0,0,4.5,0.0,2,0,0,0,0,0,2.0,0,1,1,0,2,0,1,0,3,0,22,20,42,0,0.0,1.0,0.0,3.14,0.03,0.2,13.5,9.0,0.375,0.25,0.5,0.375,0.5,,,,,,0.405,0.024,,,0.071,,,
Alex Lange,DET,0,0,4.5,0.0,3,0,0,0,0,0,2.0,2,1,1,0,2,0,0,0,3,0,17,26,43,0,0.25,2.0,0.4,3.14,-0.08,0.3,13.5,9.0,0.3,0.2,0.75,0.5,0.488,,,,,,0.488,,,,0.023,,,
Jake Woodford,STL,0,0,4.5,0.0,2,0,0,0,0,0,4.0,3,2,2,0,4,2,1,0,5,0,40,50,90,5,0.231,1.75,0.375,5.14,-0.03,-0.3,11.25,9.0,0.263,0.21100000000000002,0.778,0.526,0.41100000000000003,,,,,0.156,0.17800000000000002,0.233,,,0.022000000000000002,,,
Triston McKenzie,CLE,0,0,4.7,0.0,2,1,0,0,0,0,7.2,4,4,4,1,6,0,0,0,11,1,57,77,134,2,0.16,1.3,0.231,4.32,-0.14,0.4,12.91,7.04,0.355,0.19399999999999998,0.698,0.613,0.649,,,,,,0.134,0.134,,,0.08199999999999999,,,
J.B. Wendelken,OAK,0,0,4.76,0.0,8,0,0,0,0,0,5.2,6,3,3,0,5,0,0,0,7,1,42,64,106,0,0.261,1.94,0.375,3.32,-0.22,0.4,11.12,7.94,0.25,0.179,0.727,0.5710000000000001,0.509,,,,,0.17,0.23600000000000002,0.027999999999999997,,,0.057,,,
Justus Sheffield,SEA,0,1,4.91,0.0,2,2,0,0,0,0,11.0,11,8,6,2,4,1,0,0,10,1,70,99,169,3,0.262,1.36,0.3,5.05,-0.02,0.1,8.18,3.27,0.213,0.085,0.606,0.574,,,,,,0.49700000000000005,0.302,,,,0.201,,,
Kodi Whitley,STL,0,0,4.91,0.0,2,0,0,0,0,0,3.2,3,2,2,1,1,0,0,0,3,0,20,43,63,0,0.214,1.09,0.2,5.87,0.0,-0.4,7.36,2.45,0.2,0.067,0.769,0.667,0.524,,,,,,0.111,,,,0.365,,,
Caleb Thielbar,MIN,0,0,5.14,0.0,5,0,0,0,0,0,7.0,9,4,4,3,1,0,3,0,15,1,36,90,126,5,0.3,1.43,0.5,4.86,-0.01,-0.4,19.29,1.29,0.484,0.032,1.0,0.5479999999999999,0.405,,,,,,0.397,0.198,,,,,,
Griffin Canning,LAA,0,1,5.23,0.0,2,2,0,0,0,0,10.1,9,6,6,3,3,0,0,0,12,0,63,110,173,5,0.225,1.16,0.24,5.46,-0.11,-0.4,10.45,2.61,0.27899999999999997,0.07,0.769,0.605,0.324,,0.012,,,,0.474,0.064,,,0.127,,,
Chris Martin,ATL,0,1,5.4,0.0,2,0,0,0,0,0,1.2,4,1,1,0,1,0,0,0,1,0,11,19,30,0,0.444,3.0,0.5,3.74,-0.17,0.1,5.4,5.4,0.1,0.1,0.8,0.7,0.036000000000000004,,0.14300000000000002,,,0.35700000000000004,0.28600000000000003,,,,0.179,,,
Drew Smyly,ATL,0,0,5.73,0.0,2,2,0,0,0,0,11.0,9,9,7,3,1,0,0,0,11,1,58,127,185,10,0.214,0.91,0.214,4.96,-0.39,0.4,9.0,0.82,0.256,0.023,0.172,0.628,0.595,,0.038,,,,,0.368,,,,,,
Garrett Richards,BOS,0,1,6.0,0.0,3,3,0,0,0,0,12.0,14,10,8,2,7,0,0,0,10,3,91,138,229,3,0.269,1.75,0.3,5.39,-0.18,0.1,7.5,5.25,0.16899999999999998,0.11900000000000001,0.604,0.49200000000000005,0.546,,,,,0.004,0.275,0.175,,,,,,
Evan Marshall,CHW,0,1,6.0,0.0,5,0,0,0,0,2,6.0,6,4,4,1,2,0,0,0,6,1,38,51,89,0,0.25,1.33,0.294,4.31,-0.09,0.3,9.0,3.0,0.231,0.077,0.606,0.423,0.16899999999999998,,,,,0.157,,0.303,,,0.371,,,
Lucas Luetge,NYY,0,0,6.1,0.0,5,0,0,0,0,0,10.1,13,7,7,3,0,0,2,0,12,1,58,104,162,3,0.302,1.26,0.357,4.59,-0.02,-0.2,10.45,0.0,0.27899999999999997,0.0,0.682,0.5579999999999999,0.605,,,,,,0.284,0.111,,,,,,
Tyler Kinley,COL,0,0,6.23,0.0,6,0,0,0,0,0,4.1,8,3,3,0,5,1,1,0,4,1,54,67,121,2,0.364,3.0,0.444,5.45,-0.26,-0.3,8.31,10.38,0.14300000000000002,0.179,0.7859999999999999,0.46399999999999997,0.314,,,,,,0.595,,,,0.091,,,
Sam Clay,WSN,0,0,6.23,0.0,4,0,0,0,0,0,4.1,3,3,3,0,2,1,0,0,4,0,23,36,59,0,0.188,1.15,0.25,3.37,0.09,0.3,8.31,4.15,0.21100000000000002,0.105,0.5,0.474,,,,,,0.542,0.39,,,,0.068,,,
Dallas Keuchel,CHW,0,0,6.43,0.0,3,3,0,0,0,0,14.0,13,12,10,2,7,1,0,0,9,1,89,141,230,14,0.241,1.43,0.256,5.43,-0.43,-0.3,5.79,4.5,0.145,0.113,0.495,0.5479999999999999,0.026000000000000002,,0.2,,,0.391,0.091,,,,0.29100000000000004,,,
James Paxton,SEA,0,0,6.75,0.0,1,1,0,0,0,0,1.1,0,1,1,0,1,0,1,0,2,0,9,15,24,0,0.0,0.75,0.0,2.39,0.0,0.4,13.5,6.75,0.4,0.2,0.0,1.0,0.7140000000000001,,0.28600000000000003,,,,,,,,,,,
Pierce Johnson,SDP,0,0,6.75,0.0,2,0,0,0,0,0,1.1,2,1,1,0,0,0,0,0,1,0,7,14,21,1,0.333,1.5,0.4,1.64,-0.05,0.4,6.75,0.0,0.16699999999999998,0.0,0.5,0.667,,,,,,0.28600000000000003,,0.7140000000000001,,,,,,
Ljay Newsome,SEA,0,0,6.75,0.0,1,0,0,0,0,0,2.2,4,2,2,1,1,0,1,0,3,1,13,32,45,0,0.333,1.88,0.375,6.89,-0.01,-0.4,10.13,3.38,0.231,0.077,0.833,0.6920000000000001,0.667,,,,,,,0.08900000000000001,,,0.244,,,
Wade LeBlanc,BAL,0,0,7.36,0.0,4,0,0,0,0,0,3.2,4,3,3,1,0,1,1,0,3,1,18,33,51,4,0.267,1.09,0.273,5.87,-0.06,-0.3,7.36,0.0,0.188,0.0,0.556,0.5,0.098,,0.157,,,0.392,,0.11800000000000001,,,0.235,,,
Matt Moore,PHI,0,0,7.56,0.0,2,2,0,0,0,0,8.1,13,7,7,2,4,0,0,0,9,1,49,105,154,6,0.342,2.04,0.407,5.54,-0.47,0.0,9.72,4.32,0.214,0.095,0.7040000000000001,0.738,0.565,,0.14300000000000002,,,,,,0.136,,0.156,,,
Ross Stripling,TOR,0,1,7.56,0.0,2,2,0,0,0,0,8.1,13,7,7,2,3,0,0,0,10,1,52,95,147,4,0.342,1.92,0.423,4.94,-0.25,0.0,10.8,3.24,0.244,0.073,0.682,0.634,0.36700000000000005,,,,,,0.272,,0.23800000000000002,,0.122,,,
Jameson Taillon,NYY,0,1,7.56,0.0,2,2,0,0,0,0,8.1,11,7,7,3,1,1,1,0,10,3,52,106,158,1,0.306,1.44,0.348,6.14,-0.23,-0.2,10.8,1.08,0.263,0.026000000000000002,0.682,0.605,0.506,,,,,,0.297,0.171,,,0.025,,,
Elieser Hernandez,MIA,0,0,7.71,0.0,1,1,0,0,0,0,2.1,2,2,2,1,0,0,0,0,3,0,11,23,34,2,0.222,0.86,0.2,6.14,-0.12,-0.3,11.57,0.0,0.33299999999999996,0.0,0.0,0.667,0.441,,,,,,0.353,,,,0.20600000000000002,,,
Brooks Raley,HOU,0,0,8.44,0.0,6,0,0,0,1,0,5.1,6,5,5,1,2,0,0,0,6,0,36,61,97,7,0.273,1.5,0.333,4.45,0.04,-0.3,10.13,3.38,0.25,0.083,0.455,0.625,0.113,,0.526,,,0.09300000000000001,0.09300000000000001,0.10300000000000001,,,0.07200000000000001,,,
Dellin Betances,NYM,0,0,9.0,0.0,1,0,0,0,0,0,1.0,0,1,1,0,1,1,0,0,1,0,12,9,21,1,0.0,1.0,0.0,7.14,0.0,-0.2,9.0,9.0,0.2,0.2,0.5,0.4,0.5710000000000001,,,,,,,,0.429,,,,,
Spencer Howard,PHI,0,0,9.0,0.0,1,0,0,0,0,0,1.0,2,1,1,0,1,0,0,0,1,0,12,20,32,0,0.4,3.0,0.5,4.14,-0.01,0.0,9.0,9.0,0.16699999999999998,0.16699999999999998,0.667,0.5,0.7809999999999999,,,,,,0.063,0.031,,,0.125,,,
Clay Holmes,PIT,0,0,9.0,0.0,7,0,0,0,0,0,7.0,6,7,7,1,3,1,0,0,7,1,63,76,139,3,0.222,1.29,0.263,4.71,0.19,-0.2,9.0,3.86,0.226,0.09699999999999999,0.349,0.387,,,,,,0.46799999999999997,0.309,0.223,,,,,,
Anthony Swarzak,ARI,0,1,9.82,0.0,5,0,0,0,0,0,3.2,4,4,4,1,1,0,0,1,4,1,16,33,49,2,0.267,1.36,0.3,5.32,-0.16,-0.2,9.82,2.45,0.25,0.063,0.278,0.625,0.51,,,,,,0.49,,,,,,,
Paul Campbell,MIA,0,0,10.13,0.0,2,0,0,0,0,0,2.2,4,5,3,0,3,1,1,0,3,1,30,41,71,2,0.308,2.63,0.4,5.39,-0.14,-0.1,10.13,10.13,0.17600000000000002,0.17600000000000002,0.375,0.529,0.465,,,,,,0.29600000000000004,0.225,,,0.013999999999999999,,,
Josh Taylor,BOS,0,0,11.57,0.0,5,0,0,0,0,0,4.2,11,6,6,0,3,0,1,0,3,0,40,61,101,4,0.458,3.0,0.524,3.78,-0.12,0.1,5.79,5.79,0.111,0.111,0.5710000000000001,0.593,0.337,,,,,0.198,0.465,,,,,,,
Tyler Webb,STL,0,0,11.57,0.0,7,0,0,0,0,0,4.2,4,6,6,1,2,0,0,0,5,1,33,55,88,2,0.2,1.29,0.214,5.07,-0.1,-0.3,9.64,3.86,0.22699999999999998,0.091,0.0,0.5,0.35200000000000004,,,,,0.33,,0.17,,,0.14800000000000002,,,
Austin Adams,SDP,0,0,15.0,0.0,4,0,0,0,0,0,3.0,6,5,5,0,2,3,0,0,5,1,24,39,63,0,0.4,2.67,0.6,4.81,-0.03,0.0,15.0,6.0,0.25,0.1,0.545,0.55,0.095,,,,,,0.905,,,,,,,
Ben Bowden,COL,0,2,15.75,0.0,5,0,0,0,0,1,4.0,7,8,7,1,2,0,0,0,4,1,27,45,72,1,0.35,2.25,0.4,5.89,-0.86,-0.4,9.0,4.5,0.182,0.091,0.132,0.591,0.722,,,,,,,0.09699999999999999,,,0.18100000000000002,,,
Vince Velasquez,PHI,0,0,21.6,0.0,2,0,0,0,0,0,1.2,0,4,4,0,5,0,0,0,5,0,26,23,49,0,0.0,3.0,0.0,6.14,-0.13,-0.3,27.0,27.0,0.5,0.5,0.2,0.7,0.551,,,,,0.02,,,0.204,,0.22399999999999998,,,
Reymin Guduan,OAK,0,0,27.0,0.0,3,0,0,0,0,0,2.2,9,8,8,0,3,0,4,0,0,0,33,47,80,0,0.529,4.5,0.529,6.52,-0.03,-0.4,0.0,10.13,0.0,0.15,0.33299999999999996,0.45,0.613,,,,,,0.38799999999999996,,,,,,,
John Curtiss,MIA,2,0,2.84,-0.1,6,0,0,0,0,0,6.1,7,2,2,2,0,0,0,0,7,1,28,70,98,8,0.28,1.11,0.313,5.04,0.16,-0.6,9.95,0.0,0.28,0.0,1.0,0.64,0.52,,,,,,0.48,,,,,,,
Wandy Peralta,SFG,2,0,4.76,-0.1,6,0,0,0,1,1,5.2,6,3,3,1,2,0,1,1,5,0,31,60,91,4,0.286,1.41,0.333,4.73,0.02,-0.6,7.94,3.18,0.217,0.087,0.758,0.652,0.319,,,,,0.121,0.418,,,,0.14300000000000002,,,
Luke Jackson,ATL,1,0,0.0,-0.1,5,0,0,0,0,0,4.1,3,0,0,0,5,0,0,1,3,0,40,44,84,3,0.214,1.85,0.273,5.22,0.32,-0.6,6.23,10.38,0.158,0.263,1.0,0.42100000000000004,0.35700000000000004,,,,,,0.452,0.19,,,,,,
Tony Watson,LAA,1,0,2.7,-0.1,4,0,0,0,0,0,3.1,4,1,1,1,1,0,0,0,2,0,26,33,59,4,0.286,1.5,0.273,6.74,0.11,-0.9,5.4,2.7,0.133,0.067,1.0,0.467,0.28800000000000003,,,,,0.16899999999999998,0.153,,,,0.39,,,
Blake Treinen,LAD,1,0,3.18,-0.1,6,0,0,0,0,1,5.2,8,3,2,1,4,0,0,0,7,0,41,58,99,3,0.333,2.12,0.438,5.08,-0.06,-0.7,11.12,6.35,0.25,0.14300000000000002,0.8490000000000001,0.643,0.061,,0.33299999999999996,,,0.444,0.162,,,,,,,
Justin Dunn,SEA,1,0,3.72,-0.1,2,2,0,0,0,0,9.2,3,4,4,1,10,1,0,0,9,1,66,95,161,3,0.097,1.34,0.095,6.04,0.16,-0.9,8.38,9.31,0.214,0.23800000000000002,0.794,0.5710000000000001,0.484,,,,,0.006,0.205,0.298,,,0.006,,,
Zack Greinke,HOU,1,1,4.08,-0.1,3,3,0,0,0,0,17.2,18,8,8,4,4,0,2,0,10,3,94,174,268,5,0.265,1.25,0.259,5.63,0.31,-0.9,5.09,2.04,0.139,0.055999999999999994,0.8540000000000001,0.722,0.41,,,,,,0.11599999999999999,0.19399999999999998,,,0.26899999999999996,,,
Bruce Zimmermann,BAL,1,1,4.24,-0.1,3,3,0,0,0,0,17.0,17,8,8,4,5,0,0,0,11,1,83,162,245,13,0.266,1.29,0.265,5.79,0.09,-0.6,5.82,2.65,0.159,0.07200000000000001,0.8540000000000001,0.667,0.465,,,,,,0.102,0.20800000000000002,,,0.22399999999999998,,,
Jordan Lyles,TEX,1,0,4.7,-0.1,3,3,0,0,0,0,15.1,16,8,8,4,3,1,0,0,13,3,79,161,240,13,0.267,1.24,0.279,5.62,-0.01,-0.5,7.63,1.76,0.203,0.047,0.833,0.609,0.49200000000000005,,,,,0.025,0.304,0.11699999999999999,,,0.063,,,
Raisel Iglesias,LAA,1,1,6.75,-0.1,6,0,0,0,2,1,5.1,5,5,4,2,1,1,0,0,11,0,29,67,96,3,0.227,1.13,0.333,5.02,-0.18,-0.8,18.56,1.69,0.45799999999999996,0.042,0.47600000000000003,0.583,0.32299999999999995,,,,,0.052000000000000005,0.33299999999999996,,,,0.292,,,
Antonio Senzatela,COL,1,2,7.07,-0.1,3,3,0,0,0,0,14.0,18,12,11,3,5,1,1,0,7,1,93,146,239,8,0.305,1.64,0.306,6.21,-0.28,-0.9,4.5,3.21,0.10800000000000001,0.077,0.606,0.5379999999999999,0.48100000000000004,,,,,,0.36,0.046,,,0.113,,,
Rich Hill,TBR,1,0,7.53,-0.1,3,3,0,0,0,0,14.1,16,12,12,4,4,0,0,0,13,1,74,168,242,18,0.281,1.4,0.3,5.79,-0.67,-1.3,8.16,2.51,0.213,0.066,0.556,0.6890000000000001,0.43799999999999994,,0.057999999999999996,,,0.012,0.045,0.434,,,,,,
Merrill Kelly,ARI,1,2,8.44,-0.1,3,3,0,0,0,0,16.0,23,16,15,4,4,0,0,0,10,3,101,179,280,11,0.329,1.69,0.339,5.89,-0.73,-0.6,5.63,2.25,0.135,0.054000000000000006,0.514,0.514,0.332,,0.1,,,0.18600000000000003,,0.18899999999999997,,,0.193,,,
Brad Keller,KCR,1,1,9.58,-0.1,3,3,0,0,0,0,10.1,19,11,11,2,6,1,0,0,8,0,85,129,214,7,0.388,2.42,0.436,6.14,-0.59,-1.3,6.97,5.23,0.14300000000000002,0.107,0.647,0.643,0.35,,,,,0.38799999999999996,0.23399999999999999,,,,0.027999999999999997,,,
Enoli Paredes,HOU,0,0,0.0,-0.1,3,0,0,0,0,0,1.1,2,1,0,0,6,0,0,0,2,0,33,28,61,2,0.333,6.0,0.5,13.64,-0.13,-1.2,13.5,40.5,0.16699999999999998,0.5,0.875,0.33299999999999996,0.655,,,,,,0.31,0.034,,,,,,
Tyler Rogers,SFG,0,0,1.13,-0.1,8,0,0,0,0,2,8.0,5,2,1,1,3,1,0,0,7,0,39,87,126,3,0.172,1.0,0.19,4.52,-0.29,-0.7,7.88,3.38,0.212,0.091,0.9209999999999999,0.727,0.49200000000000005,,,,,0.10300000000000001,,0.405,,,,,,
Josh Fleming,TBR,0,1,1.8,-0.1,1,1,0,0,0,0,5.0,4,1,1,1,2,0,0,0,2,0,29,55,84,0,0.211,1.2,0.188,6.14,0.04,-0.7,3.6,3.6,0.095,0.095,1.0,0.667,,,0.27399999999999997,,,0.512,,0.036000000000000004,,,0.179,,,
Daniel Bard,COL,0,0,1.93,-0.1,5,0,0,0,2,0,4.2,4,2,1,1,3,1,0,0,7,0,23,60,83,1,0.211,1.5,0.273,5.5,0.06,-0.6,13.5,5.79,0.304,0.13,0.909,0.87,0.53,,,,,,0.41,,,,0.06,,,
Jason Adam,CHC,0,0,1.93,-0.1,5,0,0,0,0,0,4.2,4,1,1,1,4,1,0,0,9,0,52,56,108,2,0.235,1.71,0.429,5.28,-0.15,-0.6,17.36,7.71,0.409,0.182,1.0,0.318,0.574,,,,,,,0.29600000000000004,,,0.13,,,
Nivaldo Rodriguez,HOU,0,0,3.0,-0.1,1,0,0,0,0,0,3.0,1,1,1,1,2,0,0,0,3,0,22,26,48,1,0.1,1.0,0.0,7.48,0.0,-0.6,9.0,6.0,0.25,0.16699999999999998,1.0,0.583,0.5,,,,,,0.188,0.10400000000000001,,,0.20800000000000002,,,
David Bednar,PIT,0,0,3.18,-0.1,7,0,0,0,0,0,5.2,4,2,2,2,2,0,0,0,5,1,34,54,88,4,0.19,1.06,0.143,7.02,0.04,-1.3,7.94,3.18,0.217,0.087,1.0,0.609,0.625,,,0.14800000000000002,,,,0.22699999999999998,,,,,,
Robbie Ray,TOR,0,1,3.6,-0.1,1,1,0,0,0,0,5.0,3,2,2,1,3,0,0,0,3,0,34,50,84,1,0.188,1.2,0.167,6.34,0.02,-0.9,5.4,5.4,0.158,0.158,0.87,0.737,0.595,,,,,0.012,0.16699999999999998,,0.20199999999999999,,0.024,,,
Ryan Tepera,CHC,0,0,3.86,-0.1,5,0,0,0,0,0,4.2,3,2,2,1,4,0,0,0,5,1,33,46,79,1,0.2,1.5,0.222,6.36,0.15,-0.7,9.64,7.71,0.263,0.21100000000000002,0.893,0.579,0.08900000000000001,,0.392,,,0.392,0.025,,,,0.10099999999999999,,,
Chase Anderson,PHI,0,1,4.0,-0.1,2,2,0,0,0,0,9.0,5,4,4,2,5,1,0,0,6,0,61,93,154,2,0.156,1.11,0.125,6.7,-0.07,-1.3,6.0,5.0,0.158,0.132,0.8540000000000001,0.5529999999999999,0.325,,0.23399999999999999,,,0.045,,0.078,,,0.318,,,
Nick Neidert,MIA,0,0,4.0,-0.1,2,2,0,0,0,0,9.0,8,4,4,1,9,0,1,0,6,1,69,92,161,5,0.258,1.89,0.292,6.25,0.21,-1.1,6.0,9.0,0.15,0.225,0.833,0.575,0.584,,,,,,0.261,0.055999999999999994,,,0.099,,,
German Marquez,COL,0,1,4.02,-0.1,3,3,0,0,0,0,15.2,17,7,7,3,11,0,1,0,14,1,113,167,280,5,0.279,1.79,0.318,5.95,0.06,-0.6,8.04,6.32,0.19399999999999998,0.153,0.882,0.556,0.45,,,,,0.071,0.16399999999999998,,0.289,,0.025,,,
Brett De Geus,TEX,0,0,4.05,-0.1,5,0,0,0,0,0,6.2,2,3,3,0,4,3,0,0,4,0,42,54,96,1,0.1,0.9,0.125,5.09,0.02,-0.8,5.4,5.4,0.14800000000000002,0.14800000000000002,0.667,0.444,0.031,,0.156,,,0.5,,0.313,,,,,,
Kyle Wright,ATL,0,0,4.15,-0.1,1,1,0,0,0,0,4.1,3,2,2,1,2,4,0,0,5,0,32,46,78,4,0.188,1.15,0.2,7.99,-0.02,-1.4,10.38,4.15,0.22699999999999998,0.091,0.9209999999999999,0.591,0.282,,,,,0.16699999999999998,0.308,0.115,,,0.128,,,
Sal Romano,CIN,0,0,4.22,-0.1,6,0,0,0,0,0,10.2,7,5,5,3,3,0,0,1,5,1,56,88,144,3,0.184,0.94,0.133,6.7,0.01,-1.4,4.22,2.53,0.122,0.073,0.862,0.585,,,,,,0.66,0.34,,,,,,,
Tyler Duffey,MIN,0,0,4.5,-0.1,5,0,0,0,0,0,4.0,4,2,2,0,5,0,1,0,4,0,34,45,79,0,0.286,2.25,0.4,4.89,0.05,-0.6,9.0,11.25,0.21100000000000002,0.263,0.778,0.579,0.44299999999999995,,,,,0.013000000000000001,,,0.519,,,,,
Tyler Wells,BAL,0,0,4.76,-0.1,4,0,0,0,0,0,5.2,4,3,3,2,2,0,0,0,5,2,35,59,94,6,0.2,1.06,0.154,7.02,-0.06,-0.8,7.94,3.18,0.22699999999999998,0.091,0.938,0.409,0.638,,,,,,0.18100000000000002,0.096,,,0.085,,,
Brandon Workman,CHC,0,1,4.91,-0.1,4,0,0,0,0,0,3.2,5,3,2,1,2,0,0,0,5,0,23,43,66,2,0.333,1.91,0.444,5.6,-0.38,-0.6,12.27,4.91,0.294,0.11800000000000001,0.7140000000000001,0.706,0.47,,0.106,,,,,,0.424,,,,,
Phil Maton,CLE,0,0,4.91,-0.1,4,0,0,0,0,0,3.2,3,2,2,1,1,3,0,0,3,0,24,45,69,2,0.231,1.09,0.222,8.32,-0.06,-1.4,7.36,2.45,0.17600000000000002,0.059000000000000004,0.893,0.765,0.522,,0.275,,,,,0.203,,,,,,
Robert Stephenson,COL,0,0,5.06,-0.1,6,0,0,0,0,0,5.1,9,4,3,2,1,0,0,0,5,0,34,68,102,9,0.36,1.88,0.389,6.7,-0.07,-1.1,8.44,1.69,0.192,0.038,0.833,0.615,0.5,,,0.028999999999999998,,,0.47100000000000003,,,,,,,
Taylor Hearn,TEX,0,1,5.19,-0.1,5,0,0,0,0,0,8.2,8,5,5,2,6,0,2,0,13,1,60,99,159,4,0.235,1.62,0.316,5.22,-0.06,-1.0,13.5,6.23,0.325,0.15,0.804,0.6,0.755,,,,,,0.20800000000000002,,,,0.038,,,
Stephen Strasburg,WSN,0,1,6.3,-0.1,2,2,0,0,0,0,10.0,9,8,7,3,7,0,0,0,11,1,75,98,173,1,0.231,1.6,0.24,6.94,0.07,-1.6,9.9,6.3,0.239,0.152,0.6779999999999999,0.522,0.249,,,,,0.26,,0.289,,,0.20199999999999999,,,
Carlos Estevez,COL,0,0,6.35,-0.1,6,0,0,0,0,0,5.2,6,4,4,1,4,0,1,0,5,0,43,60,103,1,0.273,1.76,0.313,5.79,-0.04,-0.7,7.94,6.35,0.192,0.154,0.698,0.5770000000000001,0.602,,,,,,0.175,,,,0.223,,,
Josh Lindblom,MIL,0,0,6.43,-0.1,4,0,0,0,0,0,7.0,8,5,5,1,4,3,1,0,4,2,65,91,156,3,0.276,1.71,0.292,6.86,0.0,-0.9,5.14,5.14,0.111,0.111,0.735,0.556,0.40399999999999997,,0.16699999999999998,0.051,,,0.147,0.064,,,0.16699999999999998,,,
Jose Cisnero,DET,0,0,6.75,-0.1,6,0,0,0,0,1,5.1,6,5,4,2,3,0,0,0,6,2,33,59,92,0,0.273,1.69,0.286,7.45,-0.31,-1.4,10.13,5.06,0.24,0.12,0.645,0.56,0.5,,,,,,0.413,,,,0.087,,,
Jordan Weems,OAK,0,0,6.75,-0.1,2,0,0,0,0,0,1.1,1,1,1,1,1,0,0,0,2,0,11,19,30,1,0.2,1.5,0.0,12.14,0.0,-0.8,13.5,6.75,0.33299999999999996,0.16699999999999998,1.0,0.667,0.467,,,,,,0.36700000000000005,,,,0.16699999999999998,,,
Dan Altavilla,SDP,0,0,6.75,-0.1,2,0,0,0,0,0,1.1,1,1,1,1,0,0,0,0,2,0,4,18,22,1,0.2,0.75,0.0,9.89,-0.08,-0.7,13.5,0.0,0.4,0.0,1.0,0.8,0.5,,,,,,0.5,,,,,,,
Nick Margevicius,SEA,0,1,7.04,-0.1,3,1,0,0,0,0,7.2,10,10,6,2,2,1,1,0,8,0,51,99,150,7,0.286,1.57,0.32,5.62,-0.72,-0.8,9.39,2.35,0.21100000000000002,0.053,0.294,0.5,0.706,,,,,,0.085,0.163,,,0.046,,,
Trevor Richards,TBR,0,0,7.2,-0.1,2,0,0,0,0,0,5.0,5,4,4,2,1,0,1,0,6,1,34,53,87,1,0.263,1.2,0.273,6.54,-0.01,-0.7,10.8,1.8,0.3,0.05,0.625,0.5,0.46,,,,,,,0.23,,,0.31,,,
Jarlin Garcia,SFG,0,0,7.36,-0.1,3,0,0,0,0,0,3.2,2,3,3,1,3,1,0,0,5,1,31,41,72,0,0.167,1.36,0.167,7.23,-0.14,-1.1,12.27,7.36,0.313,0.188,0.652,0.43799999999999994,0.375,,,,,,0.389,,,,0.23600000000000002,,,
Mac Sceroler,BAL,0,0,7.36,-0.1,2,0,0,0,0,0,3.2,5,3,3,2,3,1,1,0,6,0,40,53,93,0,0.294,2.18,0.333,10.23,-0.06,-1.5,14.73,7.36,0.28600000000000003,0.14300000000000002,0.968,0.524,0.516,,,0.28,,,0.065,0.14,,,,,,
Grant Dayton,ATL,0,0,7.36,-0.1,3,0,0,0,0,0,3.2,2,3,3,1,1,0,0,0,3,1,14,39,53,0,0.154,0.82,0.111,5.87,0.11,-0.5,7.36,2.45,0.214,0.071,0.0,0.5,0.564,,,,,0.036000000000000004,,0.4,,,,,,
Cole Irvin,OAK,0,2,7.45,-0.1,2,2,0,0,0,0,9.2,12,8,8,2,2,2,1,0,5,0,55,106,161,1,0.293,1.45,0.294,6.04,-0.14,-1.2,4.66,1.86,0.111,0.044000000000000004,0.606,0.7559999999999999,0.261,,,,,0.23600000000000002,0.28600000000000003,0.068,,,0.149,,,
Trevor Stephan,CLE,0,0,7.5,-0.1,4,0,0,0,0,0,6.0,9,5,5,2,2,1,0,0,9,0,55,88,143,0,0.321,1.83,0.412,5.98,0.02,-0.7,13.5,3.0,0.29,0.065,0.7609999999999999,0.581,0.5379999999999999,,,,,0.077,0.35,,,,0.035,,,
Jose De Leon,CIN,0,1,7.71,-0.1,2,2,0,0,0,0,9.1,11,8,8,4,5,0,2,0,18,1,55,115,170,2,0.275,1.71,0.389,6.46,-0.27,-0.9,17.36,4.82,0.4,0.111,0.769,0.644,,,,,,0.606,0.188,,,,0.20600000000000002,,,
Austin Brice,BOS,0,0,8.1,-0.1,4,0,0,0,0,0,3.1,3,3,3,1,2,0,0,0,2,0,24,34,58,0,0.25,1.5,0.222,7.64,-0.01,-1.2,5.4,5.4,0.14300000000000002,0.14300000000000002,0.556,0.429,0.345,,,,,0.207,,0.44799999999999995,,,,,,
Jesus Luzardo,OAK,0,1,8.31,-0.1,3,3,0,0,0,0,13.0,19,12,12,3,7,0,0,0,15,1,106,153,259,3,0.328,2.0,0.4,5.45,-0.44,-0.6,10.38,4.85,0.231,0.10800000000000001,0.642,0.585,0.614,,,,,0.066,,0.18100000000000002,,,0.127,,,
Collin McHugh,TBR,0,1,9.0,-0.1,3,0,0,0,0,0,5.0,10,7,5,1,1,1,0,0,4,1,33,61,94,1,0.435,2.2,0.5,5.34,-0.5,-0.6,7.2,1.8,0.16,0.04,0.47200000000000003,0.6,0.18100000000000002,,0.37200000000000005,,,,0.39399999999999996,0.053,,,,,,
Jacob Barnes,NYM,0,0,9.0,-0.1,1,0,0,0,0,0,1.0,1,1,1,1,0,0,0,0,1,0,8,11,19,0,0.2,1.0,0.0,14.14,-0.04,-0.8,9.0,0.0,0.2,0.0,1.0,0.4,0.474,,0.474,,,,,,,,0.053,,,
Sergio Romo,OAK,0,0,9.53,-0.1,6,0,0,0,0,0,5.2,8,6,6,1,3,2,0,0,4,1,42,65,107,6,0.32,1.94,0.35,6.67,0.06,-1.3,6.35,4.76,0.133,0.1,0.603,0.5329999999999999,0.027999999999999997,,,,,0.318,0.57,,,,0.084,,,
Nick Wittgren,CLE,0,0,9.82,-0.1,4,0,0,0,1,0,3.2,5,4,4,1,2,0,0,0,2,0,27,42,69,1,0.313,1.91,0.308,7.23,-0.04,-1.5,4.91,4.91,0.111,0.111,0.536,0.667,0.638,,,,,,0.159,,,,0.203,,,
Dean Kremer,BAL,0,1,10.5,-0.1,2,2,0,0,0,0,6.0,9,7,7,2,5,0,0,0,8,0,54,85,139,4,0.333,2.33,0.412,7.31,-0.36,-1.2,12.0,7.5,0.25,0.156,0.625,0.406,0.475,,0.302,,,,,0.17300000000000001,,,0.05,,,
JoJo Romero,PHI,0,0,10.8,-0.1,2,0,0,0,0,0,1.2,2,2,2,1,1,1,0,0,0,0,8,16,24,1,0.333,1.8,0.2,14.54,0.0,-1.3,0.0,5.4,0.0,0.125,0.769,0.75,0.20800000000000002,,,,,0.41700000000000004,0.25,,,,0.125,,,
Madison Bumgarner,ARI,0,2,11.2,-0.1,3,3,0,0,0,0,13.2,22,17,17,3,8,3,0,0,15,3,109,179,288,9,0.355,2.2,0.432,6.22,-0.93,-0.9,9.88,5.27,0.205,0.11,0.556,0.616,0.35100000000000003,,0.382,,,,,0.22899999999999998,,,0.038,,,
Max Fried,ATL,0,1,11.45,-0.1,3,3,0,0,0,0,11.0,23,15,14,3,5,3,0,0,14,1,80,149,229,12,0.411,2.55,0.513,6.32,-1.07,-1.3,11.45,4.09,0.21899999999999997,0.078,0.597,0.578,0.406,,,,,0.057,0.284,0.24,,,0.013000000000000001,,,
Derek Holland,DET,0,1,11.57,-0.1,5,1,0,0,0,0,7.0,12,9,9,2,4,0,0,0,7,1,49,80,129,1,0.353,2.29,0.4,6.57,-0.12,-1.0,9.0,5.14,0.184,0.105,0.53,0.789,0.085,,,,,0.5660000000000001,,,0.27899999999999997,,0.07,,,
Daniel Norris,DET,0,1,11.57,-0.1,4,0,0,0,0,1,4.2,9,6,6,1,2,0,0,0,3,0,30,50,80,1,0.429,2.36,0.471,5.93,-0.56,-0.9,5.79,3.86,0.13,0.087,0.521,0.696,0.43799999999999994,,,,,,0.263,,,,0.3,,,
Chris Mazza,TBR,0,0,11.74,-0.1,4,0,0,0,0,0,7.2,14,10,10,1,4,0,0,0,3,0,49,77,126,2,0.438,2.35,0.464,5.62,-0.12,-1.2,3.52,4.7,0.083,0.111,0.48200000000000004,0.611,0.055999999999999994,,0.46,,,0.28600000000000003,0.19,,,,0.008,,,
Randy Dobnak,MIN,0,3,11.88,-0.1,4,0,0,0,1,0,8.1,14,12,11,2,2,0,0,0,5,1,48,89,137,3,0.359,1.92,0.375,5.78,-0.6,-1.4,5.4,2.16,0.122,0.049,0.303,0.512,0.015,,,,,0.511,0.387,,,,0.08800000000000001,,,
Luis Avilan,WSN,0,1,12.6,-0.1,4,0,0,0,0,0,5.0,7,7,7,1,3,1,0,0,4,2,54,54,108,1,0.304,2.0,0.333,6.54,-0.1,-0.7,7.2,5.4,0.14800000000000002,0.111,0.41700000000000004,0.519,,,,,,0.426,,0.065,,,0.509,,,
Joe Smith,HOU,0,1,13.5,-0.1,6,0,0,0,0,0,3.1,8,5,5,1,1,2,0,0,3,0,27,53,80,1,0.444,2.7,0.5,7.94,-0.43,-1.5,8.1,2.7,0.14300000000000002,0.048,0.625,0.7140000000000001,0.205,,,,,0.349,0.42200000000000004,0.012,,,0.012,,,
Matt Wisler,SFG,0,2,17.18,-0.1,6,0,0,0,0,1,3.2,5,7,7,1,3,0,0,0,5,0,31,48,79,0,0.313,2.18,0.4,6.41,-0.45,-1.0,12.27,7.36,0.263,0.158,0.152,0.789,0.127,,,,,,0.873,,,,,,,
Matt Foster,CHW,0,1,21.0,-0.1,5,0,0,0,0,1,3.0,6,7,7,1,2,0,0,0,6,0,30,53,83,0,0.375,2.67,0.556,5.48,-0.83,-0.6,18.0,6.0,0.33299999999999996,0.111,0.152,0.667,0.602,,,,,,,,,,0.39799999999999996,,,
Jake Newberry,KCR,0,0,22.5,-0.1,2,0,0,0,0,0,2.0,6,5,5,1,1,0,1,0,4,0,25,34,59,0,0.545,3.5,0.833,7.14,-0.08,-0.6,18.0,4.5,0.33299999999999996,0.083,0.35700000000000004,0.41700000000000004,0.475,,,,,,0.508,,,,0.017,,,
Jaime Barria,LAA,0,0,31.5,-0.1,1,0,0,0,0,0,2.0,6,7,7,0,4,0,0,0,0,0,30,42,72,1,0.545,5.0,0.545,9.14,-0.02,-0.6,0.0,18.0,0.0,0.267,0.3,0.467,0.444,,,,,0.013999999999999999,0.47200000000000003,,,,0.069,,,
Sam Howard,PIT,1,1,3.0,-0.2,8,0,0,0,0,0,6.0,3,2,2,2,4,0,1,0,8,0,39,54,93,6,0.15,1.17,0.1,6.81,0.08,-2.2,12.0,6.0,0.33299999999999996,0.16699999999999998,1.0,0.583,0.419,,,,,,0.581,,,,,,,
Brett Anderson,MIL,1,1,4.5,-0.2,2,2,0,0,0,0,10.0,9,5,5,3,3,0,0,0,5,0,75,95,170,7,0.237,1.2,0.2,6.94,-0.11,-1.9,4.5,2.7,0.122,0.073,0.897,0.537,0.028999999999999998,,0.11800000000000001,,,0.424,0.129,,0.129,,0.171,,,
David Price,LAD,1,0,5.87,-0.2,5,0,0,0,1,0,7.2,11,5,5,3,3,0,0,0,10,0,35,82,117,8,0.333,1.83,0.4,6.79,0.41,-2.2,11.74,3.52,0.278,0.083,0.9179999999999999,0.611,0.077,,0.19699999999999998,,,0.402,,,0.034,,0.29100000000000004,,,
Jorge Lopez,BAL,1,2,8.56,-0.2,3,3,0,0,0,0,13.2,13,13,13,5,5,1,0,0,17,0,84,134,218,6,0.245,1.32,0.258,6.73,-0.08,-2.0,11.2,3.29,0.28800000000000003,0.085,0.5,0.627,0.294,,,,,0.381,,,0.21600000000000003,,0.11,,,
Alec Mills,CHC,0,0,2.79,-0.2,5,1,0,0,1,0,9.2,4,3,3,2,2,2,0,0,3,0,58,76,134,1,0.125,0.62,0.074,6.45,-0.09,-2.0,2.79,1.86,0.083,0.055999999999999994,0.9620000000000001,0.444,0.172,,,,,0.47,0.09699999999999999,0.11199999999999999,,,0.149,,,
Tim Hill,SDP,0,2,3.52,-0.2,9,0,0,0,0,0,7.2,8,9,3,3,1,1,0,0,10,0,45,90,135,1,0.235,1.17,0.238,6.4,-0.33,-2.2,11.74,1.17,0.278,0.027999999999999997,0.172,0.667,0.348,,,,,0.385,0.267,,,,,,,
Adrian Morejon,SDP,0,0,3.86,-0.2,2,2,0,0,0,0,4.2,5,2,2,2,2,0,0,0,3,0,29,51,80,1,0.278,1.5,0.231,8.71,-0.04,-1.8,5.79,3.86,0.15,0.1,1.0,0.55,0.363,,,,,0.263,0.05,0.163,,,0.163,,,
Wes Benjamin,TEX,0,1,4.76,-0.2,3,0,0,0,0,1,5.2,4,3,3,1,6,0,0,0,5,1,51,65,116,2,0.211,1.76,0.231,6.85,-0.29,-1.7,7.94,9.53,0.2,0.24,0.8140000000000001,0.52,0.483,,0.336,,,,,0.10300000000000001,,,0.078,,,
Mike Foltynewicz,TEX,0,3,5.63,-0.2,3,3,0,0,0,0,16.0,13,10,10,5,7,0,0,0,16,1,97,171,268,3,0.217,1.25,0.205,6.52,-0.15,-2.5,9.0,3.94,0.239,0.10400000000000001,0.769,0.642,0.377,,,,,0.235,0.28,0.045,,,0.063,,,
Kyle Cody,TEX,0,1,5.87,-0.2,5,0,0,0,0,0,7.2,9,6,5,2,2,3,0,0,9,1,50,87,137,0,0.281,1.43,0.333,6.14,-0.21,-1.5,10.57,2.35,0.243,0.054000000000000006,0.7140000000000001,0.649,0.365,,,,,0.109,0.37200000000000005,,,,0.153,,,
Tarik Skubal,DET,0,2,6.08,-0.2,3,3,0,0,0,0,13.1,11,10,9,4,9,0,0,0,12,3,105,145,250,4,0.212,1.5,0.194,7.27,-0.24,-2.3,8.1,6.08,0.19699999999999998,0.14800000000000002,0.6940000000000001,0.574,0.536,,0.004,0.10800000000000001,,,0.28,,0.07200000000000001,,,,,
Corey Kluber,NYY,0,1,6.1,-0.2,3,3,0,0,0,0,10.1,16,10,7,3,7,2,1,0,12,1,79,134,213,11,0.364,2.23,0.448,7.21,-0.44,-2.1,10.45,6.1,0.226,0.132,0.721,0.642,0.122,,0.27699999999999997,,,0.258,,0.272,,,0.07,,,
Liam Hendriks,CHW,0,0,6.23,-0.2,4,0,0,0,1,1,4.1,4,3,3,2,1,0,0,0,7,0,27,57,84,5,0.235,1.15,0.25,6.6,0.07,-2.0,14.54,2.08,0.389,0.055999999999999994,0.909,0.722,0.738,,,,,,0.155,0.095,,,0.012,,,
Blake Taylor,HOU,0,0,6.75,-0.2,7,0,0,0,0,2,5.1,8,5,4,2,2,0,0,0,4,3,32,60,92,8,0.32,1.88,0.316,7.64,-1.04,-2.1,6.75,3.38,0.14800000000000002,0.07400000000000001,0.6940000000000001,0.519,0.728,,,,,,0.272,,,,,,,
Tanner Roark,TOR,0,1,7.94,-0.2,2,1,0,0,0,0,5.2,7,7,5,3,1,0,0,0,4,1,41,67,108,6,0.28,1.41,0.222,9.14,-0.35,-3.0,6.35,1.59,0.154,0.038,0.263,0.462,0.259,,,,,0.17600000000000002,0.24100000000000002,0.204,,,0.12,,,
Tyler Alexander,DET,0,0,8.53,-0.2,4,0,0,0,0,0,6.1,9,6,6,3,3,0,0,0,6,1,40,65,105,4,0.321,1.89,0.316,8.83,-0.02,-1.9,8.53,4.26,0.19399999999999998,0.09699999999999999,0.769,0.613,0.23800000000000002,,0.22899999999999998,,,0.276,0.133,,,,0.124,,,
David Hale,PHI,0,0,9.0,-0.2,2,0,0,0,0,0,4.0,4,4,4,2,3,0,0,0,1,0,35,40,75,2,0.25,1.75,0.154,11.39,0.0,-1.7,2.25,6.75,0.053,0.158,0.7140000000000001,0.263,0.467,,,,,0.147,,0.147,,,0.24,,,
Eric Yardley,MIL,0,0,9.0,-0.2,5,0,0,0,0,1,5.0,7,5,5,1,3,2,0,0,2,0,39,55,94,3,0.35,2.0,0.353,7.94,-0.36,-1.7,3.6,5.4,0.08,0.12,0.66,0.44,,,,,,0.649,,0.35100000000000003,,,,,,
Andrew Miller,STL,0,0,9.0,-0.2,6,0,0,0,0,0,5.0,10,5,5,2,4,1,0,0,5,0,47,66,113,3,0.417,2.8,0.471,9.34,-0.14,-2.0,9.0,7.2,0.172,0.138,0.82,0.44799999999999995,0.27399999999999997,,,,,,0.726,,,,,,,
Luis Oviedo,PIT,0,1,9.45,-0.2,4,0,0,0,0,0,6.2,6,7,7,2,4,0,0,0,6,1,51,74,125,0,0.231,1.5,0.222,7.04,-0.44,-1.7,8.1,5.4,0.2,0.133,0.41700000000000004,0.5670000000000001,0.47200000000000003,,,,,,0.29600000000000004,0.20800000000000002,,,0.024,,,
Yency Almonte,COL,0,1,9.45,-0.2,7,0,0,0,0,2,6.2,9,7,7,2,4,1,1,0,8,0,55,80,135,3,0.333,1.95,0.412,6.89,-0.91,-1.8,10.8,5.4,0.25,0.125,0.625,0.5,0.37799999999999995,,,,,0.037000000000000005,0.363,,,,0.222,,,
Cam Bedrosian,CIN,0,0,11.12,-0.2,6,0,0,0,0,0,5.2,10,7,7,2,6,0,0,0,7,0,49,70,119,1,0.37,2.82,0.444,8.44,-0.05,-1.6,11.12,9.53,0.212,0.182,0.682,0.545,0.521,,,0.126,,,0.353,,,,,,,
Jake Odorizzi,HOU,0,1,13.5,-0.2,1,1,0,0,0,0,3.1,7,5,5,3,0,0,0,0,4,2,28,52,80,1,0.412,2.1,0.4,12.44,-0.35,-2.3,10.8,0.0,0.235,0.0,0.7140000000000001,0.647,0.563,,0.05,0.175,,,0.175,0.038,,,,,,
Drew Rasmussen,MIL,0,1,14.54,-0.2,5,0,0,0,0,0,4.1,7,8,7,2,3,0,2,0,6,0,46,61,107,1,0.333,2.31,0.385,8.45,-0.65,-1.6,12.46,6.23,0.25,0.125,0.278,0.583,0.664,,,,,,0.243,0.047,,,0.047,,,
Greg Holland,KCR,1,1,4.15,-0.3,4,0,0,0,1,0,4.1,6,3,2,1,6,0,1,0,4,0,43,60,103,3,0.353,2.77,0.417,8.45,0.14,-3.1,8.31,12.46,0.174,0.261,0.8490000000000001,0.565,0.466,,,,,,0.39799999999999996,0.126,,,0.01,,,
Richard Bleier,MIA,1,0,5.68,-0.3,7,0,0,0,0,1,6.1,5,4,4,3,0,0,0,0,4,0,20,69,89,5,0.217,0.79,0.125,8.04,-0.17,-3.4,5.68,0.0,0.174,0.0,1.0,0.826,,,0.326,,,0.551,0.11199999999999999,,,,0.011000000000000001,,,
Anthony Bass,MIA,1,2,9.0,-0.3,7,0,0,0,0,2,6.0,8,6,6,2,2,2,0,0,5,1,29,63,92,5,0.32,1.67,0.333,7.81,-1.59,-2.7,7.5,3.0,0.172,0.069,0.652,0.7240000000000001,,,,0.011000000000000001,,0.511,0.478,,,,,,,
Daniel Ponce de Leon,STL,1,1,12.27,-0.3,3,2,0,0,0,0,7.1,11,10,10,2,7,2,0,0,3,2,71,101,172,4,0.333,2.45,0.321,9.55,-0.27,-3.1,3.68,8.59,0.071,0.16699999999999998,0.581,0.452,0.884,,0.035,,,,,0.028999999999999998,,,0.052000000000000005,,,
Cody Reed,TBR,0,1,2.7,-0.3,5,0,0,0,0,0,3.1,4,2,1,1,3,1,0,0,3,0,26,30,56,0,0.308,2.1,0.333,8.84,-0.38,-2.5,8.1,8.1,0.17600000000000002,0.17600000000000002,0.909,0.588,,,,,,0.5710000000000001,0.429,,,,,,,
Alex Young,ARI,0,3,5.06,-0.3,6,0,0,0,0,1,5.1,5,4,3,2,3,0,0,0,5,0,33,65,98,2,0.238,1.5,0.214,7.83,-0.68,-3.1,8.44,5.06,0.20800000000000002,0.125,0.769,0.542,0.245,,0.153,,,0.22399999999999998,,0.133,,,0.245,,,
Keynan Middleton,SEA,0,0,7.2,-0.3,4,0,0,0,2,0,5.0,2,4,4,1,3,1,0,0,2,0,28,54,82,0,0.118,1.0,0.071,7.34,0.66,-2.9,3.6,5.4,0.095,0.14300000000000002,0.435,0.524,0.524,,,,,,0.305,,,,0.171,,,
Matt Bush,TEX,0,0,9.0,-0.3,3,0,0,0,0,0,3.0,4,3,3,3,1,0,0,0,4,0,23,33,56,1,0.308,1.67,0.167,14.48,0.02,-3.2,12.0,3.0,0.28600000000000003,0.071,1.0,0.5,0.536,,,,,,0.33899999999999997,0.125,,,,,,
Domingo German,NYY,0,2,9.0,-0.3,2,2,0,0,0,0,7.0,12,7,7,4,2,0,1,0,7,0,47,100,147,0,0.353,2.0,0.348,9.43,-0.39,-3.1,9.0,2.57,0.19399999999999998,0.055999999999999994,0.833,0.722,0.32,,,,,0.075,,0.381,,,0.22399999999999998,,,
Devin Williams,MIL,0,0,9.82,-0.3,4,0,0,0,0,1,3.2,3,4,4,2,5,1,0,1,5,0,40,40,80,0,0.214,2.18,0.143,12.41,-0.34,-3.2,12.27,12.27,0.25,0.25,0.8059999999999999,0.65,0.33799999999999997,,0.025,,,0.1,,,,,0.5379999999999999,,,
Tanner Rainey,WSN,0,1,10.8,-0.3,4,0,0,0,0,0,3.1,6,4,4,2,2,0,0,0,2,1,23,45,68,2,0.375,2.4,0.333,11.54,-0.46,-2.7,5.4,5.4,0.111,0.111,0.769,0.611,0.632,,,,,,0.368,,,,,,,
Adam Kolarek,OAK,0,0,13.5,-0.3,5,0,0,0,0,0,3.1,7,6,5,2,1,1,0,0,2,0,28,45,73,1,0.389,2.4,0.357,11.54,-0.2,-2.9,5.4,2.7,0.1,0.05,0.484,0.55,0.027000000000000003,,,,,0.6990000000000001,0.151,,,,0.12300000000000001,,,
Zach Pop,MIA,0,0,18.9,-0.3,4,0,0,0,0,1,3.1,3,7,7,2,3,2,0,0,2,0,30,42,72,1,0.231,1.8,0.111,14.24,-0.38,-3.5,5.4,8.1,0.111,0.16699999999999998,0.192,0.611,0.125,,,,,0.722,0.153,,,,,,,
Marco Gonzales,SEA,1,1,8.22,-0.4,3,3,0,0,0,0,15.1,20,14,14,6,7,1,0,0,13,5,107,175,282,5,0.313,1.76,0.311,8.1,-0.51,-4.0,7.63,4.11,0.18100000000000002,0.09699999999999999,0.7140000000000001,0.542,0.011000000000000001,,0.138,,,0.465,,0.18100000000000002,,,0.20600000000000002,,,
Nate Jones,ATL,0,1,3.38,-0.4,6,0,0,0,0,1,5.1,5,3,2,2,4,0,0,0,4,0,37,59,96,2,0.238,1.69,0.2,8.77,-0.39,-3.9,6.75,6.75,0.16,0.16,0.968,0.76,0.021,,,,,0.542,0.42700000000000005,,,,0.01,,,
T.J. Zeuch,TOR,0,1,5.56,-0.4,3,2,0,0,0,0,11.1,13,11,7,4,6,0,0,0,5,0,76,124,200,6,0.289,1.68,0.25,8.44,-0.37,-5.0,3.97,4.76,0.098,0.11800000000000001,0.597,0.627,,,0.18,,,0.57,0.18,,,,0.07,,,
Chad Kuhl,PIT,0,1,6.75,-0.4,3,3,0,0,0,0,10.2,7,11,8,2,15,2,1,0,8,1,116,111,227,9,0.184,2.06,0.179,8.86,-0.62,-4.1,6.75,12.66,0.145,0.273,0.613,0.418,,,,,,0.42700000000000005,0.35200000000000004,,0.159,,0.062,,,
Chris Devenski,ARI,0,0,9.0,-0.4,2,0,0,0,1,1,2.0,2,2,2,2,0,0,0,0,1,0,11,22,33,1,0.25,1.0,0.0,15.14,-0.22,-4.0,4.5,0.0,0.125,0.0,1.0,0.5,0.364,,,,,,0.03,,,,0.606,,,
Buck Farmer,DET,0,0,9.45,-0.4,6,0,0,0,0,0,6.2,5,7,7,4,5,0,0,0,6,1,57,80,137,1,0.2,1.5,0.067,11.39,0.01,-4.2,8.1,6.75,0.2,0.16699999999999998,0.682,0.5670000000000001,0.423,,,,,,0.336,,,,0.24100000000000002,,,
Jesse Hahn,KCR,0,0,13.5,-0.4,5,0,0,0,1,2,3.1,5,5,5,2,4,1,1,0,3,1,40,48,88,2,0.357,2.7,0.333,13.64,-0.83,-3.9,8.1,10.8,0.158,0.21100000000000002,0.6940000000000001,0.526,,,,,,0.67,0.102,0.22699999999999998,,,,,,
Amir Garrett,CIN,0,0,15.0,-0.4,3,0,0,0,2,0,3.0,5,5,5,2,4,0,0,0,3,0,24,37,61,0,0.357,3.0,0.333,13.81,0.48,-4.1,9.0,12.0,0.16699999999999998,0.222,0.645,0.556,0.262,,,,,,0.738,,,,,,,
Shawn Armstrong,BAL,0,0,18.0,-0.4,5,0,0,0,0,1,3.0,7,7,6,2,3,1,0,0,2,1,37,47,84,0,0.412,3.33,0.385,14.48,-0.71,-3.6,6.0,9.0,0.095,0.14300000000000002,0.488,0.5710000000000001,0.512,,0.39299999999999996,,,,0.095,,,,,,,
Patrick Corbin,WSN,0,2,21.32,-0.5,2,2,0,0,0,0,6.1,12,16,15,4,7,2,0,0,6,0,60,83,143,5,0.387,3.0,0.381,13.72,-1.16,-5.6,8.53,9.95,0.15,0.175,0.325,0.525,0.301,,0.063,,,0.301,0.245,,,,0.091,,,
